"situacao";"n_fila";"data";"titulo";"slug";"palavra_chave";"nota";"motivo"
"publicado";"";"2026-10-03";"Como Baixar Colesterol: Guia Prático 40+";"colesterol-depois-dos-40";"como baixar colesterol";"";""
"publicado";"";"2026-10-03";"Quanto de proteína por dia: guia para mulheres 40+";"proteina-mulheres-40";"quanto de proteína por dia";"";""
"publicado";"";"2026-10-03";"Triglicerídeos altos sintomas: sinais e riscos";"triglicerideos-altos-sintomas";"triglicerídeos altos sintomas";"";""
"publicado";"";"2026-10-03";"O que é gordura visceral e por que ela preocupa";"o-que-e-gordura-visceral";"o que é gordura visceral";"";""
"publicado";"";"2026-10-03";"O que é perimenopausa: tudo sobre essa transição";"o-que-e-perimenopausa";"o que é perimenopausa";"";""
"publicado";"";"2026-10-03";"Como Meditar: Guia Prático para Mulheres 40+";"meditacao-ansiedade-40";"como meditar";"";""
"publicado";"";"2026-10-03";"O que é Resistência à Insulina: Guia 40+";"o-que-e-resistencia-a-insulina";"o que é resistência à insulina";"";""
"publicado";"";"2026-10-04";"Hemoglobina Glicada: Valores e O Que Significa";"hemoglobina-glicada";"hemoglobina glicada";"";""
"publicado";"";"2026-10-04";"Labirintite: O Que É, Sintomas e Como Tratar";"labirintite";"labirintite";"";""
"publicado";"";"2026-10-04";"Gordura no Fígado: Causas, Sintomas e Como Reverter";"gordura-no-figado";"gordura no fígado";"";""
"publicado";"";"2026-10-05";"Dores Lombares: Causas e Alívio Prático";"dores-lombares";"dores lombares";"";""
"publicado";"";"2026-10-05";"Sintomas de Diabetes: 7 Sinais de Alerta para Mulheres 40+";"sintomas-de-diabetes";"sintomas de diabetes";"";""
"publicado";"";"2026-10-05";"Cortisol Alto: Como Controlar o Hormônio do Estresse";"cortisol-alto";"cortisol alto";"";""
"publicado";"";"2026-10-06";"Azia: Causas, Alívio e Quando Procurar Médico";"azia";"azia";"";""
"publicado";"";"2026-10-06";"Varizes nas Pernas: Guia Completo para Tratar";"varizes";"varizes";"";""
"publicado";"";"2026-10-06";"Alimentos Ricos em Fibras: Guia Prático 40+";"alimentos-ricos-em-fibras";"alimentos ricos em fibras";"";""
"publicado";"";"2026-10-07";"Insônia: Causas, Tipos e Como Resolver";"insonia";"insônia";"";""
"publicado";"";"2026-10-07";"Ritmo Circadiano: Restaure o Sono Após 40";"ritmo-circadiano";"ritmo circadiano";"";""
"publicado";"";"2026-10-07";"Andropausa: Sintomas, Idade e Como Lidar";"andropausa";"andropausa";"";""
"publicado";"";"2026-10-08";"Barriga Inchada: Causas e Como Aliviar";"barriga-inchada";"barriga inchada";"";""
"publicado";"";"2026-10-08";"Síndrome do Intestino Irritável: Controle Agora";"sindrome-do-intestino-irritavel";"síndrome do intestino irritável";"";""
"publicado";"";"2026-10-08";"Glicemia normal: valores por idade e quando procurar ajuda";"glicemia-normal";"glicemia normal";"";""
"publicado";"";"2026-10-09";"Inchaço nas Pernas: Causas e Alívio Prático";"inchaco-nas-pernas";"inchaço nas pernas";"";""
"publicado";"";"2026-10-09";"Alimentos Ricos em Ferro: Absorção Prática 40+";"alimentos-ricos-em-ferro";"alimentos ricos em ferro";"";""
"publicado";"";"2026-10-09";"Noctúria: Por Que Acorda à Noite para Urinar";"nocturia";"noctúria";"";""
"publicado";"";"2026-10-10";"Queda de Cabelo: Saiba Quando é Normal Tratar";"queda-de-cabelo";"queda de cabelo";"";""
"publicado";"";"2026-10-10";"Presbiopia: Como Corrigir Sua Visão de Perto";"presbiopia";"presbiopia";"";""
"publicado";"";"2026-10-10";"Como Controlar a Ansiedade: Estratégias Práticas 40+";"como-controlar-a-ansiedade";"como controlar a ansiedade";"";""
"pronto";"1";"2026-10-11";"Manchas na Pele: Guia Completo para Identificar o Risco";"manchas-na-pele";"manchas na pele";"97";""
"pronto";"2";"2026-10-11";"Vitamina D Baixa Sintomas: Reconheça os Sinais";"vitamina-d-baixa-sintomas";"vitamina d baixa sintomas";"97";""
"pronto";"3";"2026-10-11";"Lanche Saudável: 12 Ideias Fáceis para Sua Tarde";"lanche-saudavel";"lanche saudável";"97";""
"pronto";"4";"2026-10-12";"Cabelos Brancos: Causas, Cuidados e Tudo que Você Precisa Saber";"cabelos-brancos";"cabelos brancos";"92";""
"pronto";"5";"2026-10-12";"Câimbras nas pernas: causas e alívio rápido";"caimbras-nas-pernas";"câimbras nas pernas";"91";""
"pronto";"6";"2026-10-12";"Visão Embaçada: Causas e Como Melhorar";"visao-embacada";"visão embaçada";"95";""
"pronto";"7";"2026-10-13";"Tontura ao Levantar: Causas e o Que Fazer";"tontura-ao-levantar";"tontura ao levantar";"93";""
"pronto";"8";"2026-10-13";"Suor Noturno: Causas, Quando Preocupar e Como Tratar";"suor-noturno";"suor noturno";"93";""
"pronto";"9";"2026-10-13";"Névoa Mental: Como Recuperar o Foco aos 40+";"nevoa-mental";"névoa mental";"95";""
"pronto";"10";"2026-10-14";"Fogachos: O Que São, Causas e Como Aliviar";"fogachos";"fogachos";"92";""
"pronto";"11";"2026-10-14";"Exercícios para Idosos: Segurança e Força";"exercicios-para-idosos";"exercícios para idosos";"96";""
"pronto";"12";"2026-10-14";"Ferro Baixo Sintomas: 8 Sinais que Você Não Deve Ignorar";"ferro-baixo-sintomas";"ferro baixo sintomas";"93";""
"pronto";"13";"2026-10-15";"Esquecimento Frequente: Quando Procurar Médico";"esquecimento";"esquecimento";"95";""
"pronto";"14";"2026-10-15";"Idade Metabólica: Calcule e Melhore a Sua";"idade-metabolica";"idade metabólica";"96";""
"pronto";"15";"2026-10-15";"Sarcopenia: o que é, sinais e como cuidar";"sarcopenia";"sarcopenia";"98";""
"pronto";"16";"2026-10-16";"Lanches Saudáveis: Ideias para o Dia a Dia";"lanches-saudaveis";"lanches saudáveis";"96";""
"pronto";"17";"2026-10-16";"Açúcar: tipos, calorias e limite recomendado";"acucar";"açúcar";"100";""
"pronto";"18";"2026-10-16";"Atemoia: benefícios, cuidados e como comer";"atemoia";"atemoia";"100";""
"pronto";"19";"2026-10-17";"Goiaba: benefícios, intestino e tailandesa";"goiaba";"goiaba";"100";""
"pronto";"20";"2026-10-17";"Ashwagandha: benefícios, efeitos e cuidados";"ashwagandha";"ashwagandha";"90";""
"pronto";"21";"2026-10-17";"Bananazinha: Cachaça de Banana, Teor e Como Tomar";"bananazinha";"bananazinha";"93";""
"pronto";"22";"2026-10-18";"Biotina: para que serve e efeito em exames";"biotina";"biotina";"99";""
"pronto";"23";"2026-10-18";"Celulite: causas, graus e tratamentos";"celulite";"celulite";"100";""
"pronto";"24";"2026-10-18";"Chá de cavalinha: para que serve e riscos";"cha-de-cavalinha";"chá de cavalinha";"96";""
"pronto";"25";"2026-10-19";"Creatina: Para Que Serve, Benefícios, Riscos e Como Tomar";"creatina";"creatina";"97";""
"pronto";"26";"2026-10-19";"Déficit Calórico: Como Calcular e Emagrecer com Saúde";"deficit-calorico";"déficit calórico";"97";""
"pronto";"27";"2026-10-19";"Dermatite de contato: causas e como tratar";"dermatite-de-contato";"dermatite de contato";"100";""
"pronto";"28";"2026-10-20";"Dieta Low Carb: Guia Completo com Cardápio";"dieta-low-carb";"dieta low carb";"99";""
"pronto";"29";"2026-10-20";"Dieta Para Secar Barriga: Estratégias Comprovadas";"dieta-para-secar-barriga";"dieta para secar barriga";"93";""
"pronto";"30";"2026-10-20";"Emagrecer com Saúde: Guia Completo e Sustentável";"emagrecer-com-saude";"emagrecer com saúde";"91";""
"pronto";"31";"2026-10-21";"Emagrecimento Saudável: Guia Completo e Seguro";"emagrecimento-saudavel";"emagrecimento saudável";"93";""
"pronto";"32";"2026-10-21";"Fiberlift — O Que É, Como Usar e Contraindicações";"fiberlift";"fiberlift";"93";""
"pronto";"33";"2026-10-21";"Fibra Mais: Para Que Serve e Como Tomar";"fibra-mais";"fibra mais";"90";""
"pronto";"34";"2026-10-22";"Glaçúcar União: Para Que Serve e Composição";"glacucar-uniao";"glaçúcar união";"93";""
"pronto";"35";"2026-10-22";"Jejum Intermitente Para Emagrecer — Guia Prático";"jejum-intermitente-para-emagrecer";"jejum intermitente para emagrecer";"94";""
"pronto";"36";"2026-10-22";"Magnésio: Para Que Serve, Tipos e Cuidados";"magnesio";"magnésio";"99";""
"pronto";"37";"2026-10-23";"Melasma: causas, sintomas e como cuidar";"melasma";"melasma";"100";""
"pronto";"38";"2026-10-23";"Nutrição Estética: Guia Completo da Pele e Saúde";"nutricao-estetica";"nutrição estética";"95";""
"pronto";"39";"2026-10-23";"Paralisia do sono: causas e o que fazer";"paralisia-do-sono";"paralisia do sono";"100";""
"pronto";"40";"2026-10-24";"Polissonografia: o que é e como se preparar";"polissonografia";"polissonografia";"100";""
"pronto";"41";"2026-10-24";"Pomelos: nutrientes, remédios e cuidados";"pomelos";"pomelos";"100";""
"pronto";"42";"2026-10-24";"Probióticos: Para Que Servem, Tipos e Benefícios";"probioticos";"probióticos";"94";""
"pronto";"43";"2026-10-25";"Queloide: o que é, causas e tratamento";"queloide";"queloide";"100";""
"pronto";"44";"2026-10-25";"Queratose pilar: causas e tratamento";"queratose-pilar";"queratose pilar";"100";""
"pronto";"45";"2026-10-25";"Quero Emagrecer — Guia Realista e Saudável";"quero-emagrecer";"quero emagrecer";"93";""
"pronto";"46";"2026-10-26";"Reeducação Alimentar Para Emagrecer — Guia Prático";"reeducacao-alimentar-para-emagrecer";"reeducação alimentar para emagrecer";"93";""
"pronto";"47";"2026-10-26";"Sarna: sintomas, como se pega e quando tratar";"sarna";"sarna";"100";""
"pronto";"48";"2026-10-26";"Menopausa: sintomas, fases e como aliviar";"menopausa";"menopausa";"95";""
"pronto";"49";"2026-10-27";"Cebola para Cabelo: Funciona ou Mito?";"suco-de-cebola-no-cabelo";"cebola para cabelo";"95";""
"pronto";"50";"2026-10-27";"Super Chá SB — O Que É, Riscos e Evidências";"super-cha-sb";"super chá sb";"94";""
"pronto";"51";"2026-10-27";"Tabela de Calorias dos Alimentos — Guia Prático";"tabela-de-calorias-dos-alimentos";"tabela de calorias dos alimentos";"93";""
"pronto";"52";"2026-10-28";"Urticária: causas, sintomas e quando procurar";"urticaria";"urticária";"100";""
"pronto";"53";"2026-10-28";"Whey Protein: Para Que Serve, Tipos e Como Tomar";"whey-protein";"whey protein";"98";""
"pronto";"54";"2026-10-28";"Azeite para Cabelo: Benefícios e Riscos";"azeite-de-oliva-no-cabelo";"azeite para cabelo";"91";""
"pronto";"55";"2026-10-29";"Babosa no Cabelo: Benefícios Reais e Riscos";"babosa-no-cabelo";"babosa no cabelo";"91";""
"pronto";"56";"2026-10-29";"Biotina comprimido: funções, riscos e exames";"biotina-comprimido";"biotina comprimido";"90";""
"pronto";"57";"2026-10-29";"Biotina para que serve: funções e evidências";"biotina-para-que-serve";"biotina para que serve";"99";""
"pronto";"58";"2026-10-30";"Biotina valor: o que considerar antes de usar";"biotina-valor";"biotina valor";"95";""
"pronto";"59";"2026-10-30";"Academia emagrece? Musculação e perda de gordura";"academia-emagrece";"academia emagrece";"90";""
"pronto";"60";"2026-10-30";"Ácido fólico para que serve: usos e cuidados";"acido-folico-para-que-serve";"ácido fólico para que serve";"94";""
"pronto";"61";"2026-10-31";"Ácido hialurônico para que serve: tipos e riscos";"acido-hialuronico-para-que-serve";"ácido hialurônico para que serve";"94";""
"pronto";"62";"2026-10-31";"Ácido salicílico: para que serve e como usar";"acido-salicilico";"ácido salicílico";"95";""
"pronto";"63";"2026-10-31";"Ácido salicílico para que serve: benefícios e uso";"acido-salicilico-para-que-serve";"ácido salicílico para que serve";"93";""
"pronto";"64";"2026-11-01";"Acordar cansado: causas e como melhorar o sono";"acordar-cansado";"acordar cansado";"95";""
"pronto";"65";"2026-11-01";"Adapaleno: o que é, para que serve e como usar";"adapaleno";"adapaleno";"95";""
"pronto";"66";"2026-11-01";"Alantoína: para que serve e cuidados na pele";"alantoina";"alantoína";"90";""
"pronto";"67";"2026-11-02";"Albumina suplemento: riscos e quem deve evitar";"albumina-suplemento";"albumina suplemento";"95";""
"pronto";"68";"2026-11-02";"Alimentação saudável criança: guia prático";"alimentacao-saudavel-crianca";"alimentação saudável criança";"90";""
"pronto";"69";"2026-11-02";"Alimentos Saudáveis para Crianças: Guia Completo";"alimentos-saudaveis-para-criancas";"alimentos saudáveis para crianças";"90";""
"pronto";"70";"2026-11-03";"Alimentos sem Glúten e sem Lactose: Guia Prático";"alimentos-sem-gluten-e-sem-lactose";"alimentos sem glúten e sem lactose";"91";""
"pronto";"71";"2026-11-03";"Alimentos sem Lactose: Lista e Substituições";"alimentos-sem-lactose";"alimentos sem lactose";"90";""
"pronto";"72";"2026-11-03";"Alopecia Areata: Causas, Sintomas e Tratamentos";"alopecia-areata";"alopecia areata";"95";""
"pronto";"73";"2026-11-04";"Alopecia Feminina: Causas, Tipos e Tratamentos";"alopecia-feminina";"alopecia feminina";"91";""
"pronto";"74";"2026-11-04";"Alopecia na Barba: Causas e Tratamentos";"alopecia-na-barba";"alopecia na barba";"91";""
"pronto";"75";"2026-11-04";"Alopecia por Estresse: Sintomas e Controle";"alopecia-por-estresse";"alopecia por estresse";"95";""
"pronto";"76";"2026-11-05";"Ansiedade: Sintomas Físicos, Causas e Ajuda";"ansiedade";"ansiedade";"94";""
"pronto";"77";"2026-11-05";"Argila Verde: Para Que Serve e Como Usar";"argila-verde";"argila verde";"91";""
"pronto";"78";"2026-11-05";"Frutas Exóticas: Quais São, Benefícios e Riscos";"frutas-exoticas";"frutas exóticas";"90";""
"pronto";"79";"2026-11-06";"Magnésio Dimalato: O Que É, Usos e Cuidados";"magnesio-dimalato";"magnésio dimalato";"94";""
"pronto";"80";"2026-11-06";"Resveratrol: O Que É, Onde Está e Cuidados";"resveratrol";"resveratrol";"94";""
"pronto";"81";"2026-11-06";"Vitamina B12: Para Que Serve e Sinais de Falta";"vitamina-b12";"vitamina B12";"94";""
"pronto";"82";"2026-11-07";"Babosa é Bom para Queda de Cabelo? O que Se Sabe";"babosa-para-queda-de-cabelo";"babosa é bom para queda de cabelo";"95";""
"pronto";"83";"2026-11-07";"Beta-alanina: para que serve e como tomar";"beta-alanina";"beta-alanina";"95";""
"pronto";"84";"2026-11-07";"Bolinhas no couro cabeludo: causas e quando agir";"bolinhas-no-couro-cabeludo";"bolinhas no couro cabeludo";"95";""
"pronto";"85";"2026-11-08";"Botox capilar: o que é, benefícios e cuidados";"botox-capilar";"botox capilar";"94";""
"pronto";"86";"2026-11-08";"Cabelo branco masculino: causas e cuidados";"cabelo-branco-masculino";"cabelo branco masculino";"90";""
"pronto";"87";"2026-11-08";"Cabelo caindo muito: causas e investigação";"cabelo-caindo-muito";"cabelo caindo muito";"95";""
"pronto";"88";"2026-11-09";"Cabelo quebrado: como recuperar e cronograma";"cabelo-quebrado";"cabelo quebrado";"90";""
"pronto";"89";"2026-11-09";"Queda de cabelo o que fazer: causas reais";"queda-de-cabelo-o-que-fazer";"queda de cabelo o que fazer";"91";""
"pronto";"90";"2026-11-09";"Calculadora de IMC: entenda o seu índice corporal";"calculadora-de-imc";"calculadora de IMC";"92";""
"pronto";"91";"2026-11-10";"Caloria dos alimentos: como calcular e usar";"caloria-dos-alimentos";"caloria dos alimentos";"90";""
"pronto";"92";"2026-11-10";"Calvície masculina: causas e tratamentos";"calvicie-masculina";"calvície masculina";"90";""
"pronto";"93";"2026-11-10";"Carboidratos: o que são, funções e tipos";"carboidratos";"carboidratos";"94";""
"pronto";"94";"2026-11-11";"Cardápio de Dieta para Emagrecer: Guia Semanal";"cardapio-para-emagrecer";"cardápio de dieta para emagrecer";"95";""
"pronto";"95";"2026-11-11";"Chá que emagrece 1kg por dia: evidências";"cha-que-emagrece-1kg-por-dia";"chá que emagrece 1kg por dia";"90";""
"pronto";"96";"2026-11-11";"Chá relaxante muscular: o que a ciência diz";"cha-relaxante-muscular";"chá relaxante muscular";"90";""
"pronto";"97";"2026-11-12";"Chás: o que a ciência sabe sobre ervas e saúde";"chas";"chás";"94";""
"pronto";"98";"2026-11-12";"Cisto no couro cabeludo: tipos e cuidados";"cisto-no-couro-cabeludo";"cisto no couro cabeludo";"95";""
"pronto";"99";"2026-11-12";"Como lavar o cabelo corretamente: passo a passo";"como-lavar-o-cabelo-corretamente";"como lavar o cabelo corretamente";"90";""
"pronto";"100";"2026-11-13";"Compulsão alimentar: sintomas e tratamento";"compulsao-alimentar";"compulsão alimentar";"94";""
"pronto";"101";"2026-11-13";"Contar calorias: como calcular e evitar erros";"contar-calorias";"contar calorias";"90";""
"pronto";"102";"2026-11-13";"Cotovelos escuros: causas, como clarear e alerta";"cotovelos-escuros";"cotovelos escuros";"90";""
"pronto";"103";"2026-11-14";"Cúrcuma: para que serve, benefícios e cuidados";"curcuma";"cúrcuma";"90";""
"pronto";"104";"2026-11-14";"Dieta de 1000 calorias: riscos e indicação";"dieta-de-1000-calorias";"dieta de 1000 calorias";"90";""
"pronto";"105";"2026-11-14";"Dieta enteral 1.5: guia completo para cuidadores";"dieta-enteral-1-5";"dieta enteral 1.5";"90";""
"pronto";"106";"2026-11-15";"Dieta para perder barriga: o que funciona";"dieta-para-perder-barriga";"dieta para perder barriga";"95";""
"pronto";"107";"2026-11-15";"Dieta para secar: guia prático e realista";"dieta-para-secar";"dieta para secar";"90";""
"pronto";"108";"2026-11-15";"Dieta sem carboidrato: como funciona e riscos";"dieta-sem-carboidrato";"dieta sem carboidrato";"95";""
"pronto";"109";"2026-11-16";"Dormir cedo: benefícios, rotina e o que evitar";"dormir-cedo";"dormir cedo";"92";""
"pronto";"110";"2026-11-16";"Eletrólitos: o que são, funções e como repor";"eletrolitos";"eletrólitos";"99";""
"pronto";"111";"2026-11-16";"Emagrecer 10kg: o que é possível e com saúde";"emagrecer-10kg";"emagrecer 10kg";"95";""
"pronto";"112";"2026-11-17";"Emagrecer rápido com saúde: guia seguro";"emagrecer-rapido-com-saude";"emagrecer rápido com saúde";"95";""
"pronto";"113";"2026-11-17";"Entradas no cabelo: causas, tratamentos e cortes";"entradas-no-cabelo";"entradas no cabelo";"90";""
"pronto";"114";"2026-11-17";"Especialista em cabelo: quando procurar";"especialista-em-cabelo";"especialista em cabelo";"90";""
"pronto";"115";"2026-11-18";"Fogacho menopausa: causas, duração e tratamentos";"fogacho-menopausa";"fogacho menopausa";"92";""
"pronto";"116";"2026-11-18";"Fome emocional: o que é, como identificar";"fome-emocional";"fome emocional";"95";""
"pronto";"117";"2026-11-18";"Fome no mundo: causas, dados atuais e soluções";"fome-no-mundo";"fome no mundo";"92";""
"pronto";"118";"2026-11-19";"Fruta do conde: nutrientes, benefícios e cuidados";"fruta-do-conde";"fruta do conde";"92";""
"pronto";"119";"2026-11-19";"Glicina: o que é, para que serve e riscos";"glicina";"glicina";"95";""
"pronto";"120";"2026-11-19";"Hidrafacial: o que é, benefícios e riscos";"hidrafacial";"hidrafacial";"90";""
"pronto";"121";"2026-11-20";"Hidratante facial: como escolher o ideal";"hidratante-facial";"hidratante facial";"94";""
"pronto";"122";"2026-11-20";"HMB: o que é, para que serve e efeitos colaterais";"hmb";"HMB";"93";""
"pronto";"123";"2026-11-20";"Inibidor de apetite forte: riscos e cuidados";"inibidor-de-apetite-forte";"inibidor de apetite forte";"95";""
"pronto";"124";"2026-11-21";"Maca Peruana: O Que É e Quais Cuidados Ter";"maca-peruana";"maca peruana";"94";""
"pronto";"125";"2026-11-21";"Magnésio Dimalato Efeitos Colaterais e Rins";"magnesio-dimalato-efeitos-colaterais";"magnésio dimalato efeitos colaterais";"90";""
"pronto";"126";"2026-11-21";"Magnésio Efeitos Colaterais: Guia Seguro";"magnesio-efeitos-colaterais";"magnésio efeitos colaterais";"95";""
"pronto";"127";"2026-11-22";"Magnésio Treonato Para Que Serve e Efeitos";"magnesio-treonato-para-que-serve";"magnésio treonato para que serve";"94";""
"pronto";"128";"2026-11-22";"Manchas Senis: Causas, Tratamentos e Autoexame";"manchas-senis";"manchas senis";"94";""
"pronto";"129";"2026-11-22";"Manipulados para Emagrecer: Riscos e Regras";"manipulados-para-emagrecer";"manipulados para emagrecer";"90";""
"pronto";"130";"2026-11-23";"Marmita Fitness Cardápio Semanal: Guia Prático";"marmita-fitness-cardapio-semanal";"marmita fitness cardápio semanal";"99";""
"pronto";"131";"2026-11-23";"Massagem Capilar: Benefícios e Contraindicações";"massagem-capilar";"massagem capilar";"90";""
"pronto";"132";"2026-11-23";"Melasma na Gravidez: Causas e Cuidados Seguros";"melasma-na-gravidez";"melasma na gravidez";"90";""
"pronto";"133";"2026-11-24";"Obstipação Intestinal: Causas e Sintomas";"obstipacao-intestinal";"obstipação intestinal";"95";""
"pronto";"134";"2026-11-24";"Óxido de Magnésio: Para Que Serve e Riscos";"oxido-de-magnesio";"óxido de magnésio";"91";""
"pronto";"135";"2026-11-24";"pH da Pele: O Que é Ideal e Como Equilibrar";"ph-da-pele";"ph da pele";"90";""
"pronto";"136";"2026-11-25";"Picolinato de Cromo para Que Serve e Riscos";"picolinato-de-cromo-para-que-serve";"picolinato de cromo para que serve";"95";""
"pronto";"137";"2026-11-25";"Produtos Sem Lactose: Guia Completo e Prático";"produtos-sem-lactose";"produtos sem lactose";"91";""
"pronto";"138";"2026-11-25";"Proteína para Emagrecer: Como Usar e Riscos";"proteina-para-emagrecer";"proteína para emagrecer";"95";""
"pronto";"139";"2026-11-26";"Proteína em Pó: Como Usar e Comparar Opções";"proteina-em-po";"proteína em pó";"90";""
"pronto";"140";"2026-11-26";"Protetor Solar Facial: Como Escolher e Usar";"protetor-solar-facial";"protetor solar facial";"94";""
"pronto";"141";"2026-11-26";"Psoríase no Couro Cabeludo: Sintomas e Caspa";"psoriase-no-couro-cabeludo";"psoríase no couro cabeludo";"94";""
"pronto";"142";"2026-11-27";"Queda de Cabelo Feminino: Causas e Tratamentos";"queda-de-cabelo-feminino";"queda de cabelo feminino";"90";""
"pronto";"143";"2026-11-27";"Queda de Cabelo Intensa: Causas e Quando Tratar";"queda-de-cabelo-intensa";"queda de cabelo intensa";"91";""
"pronto";"144";"2026-11-27";"Queda de Cabelo por Estresse: Causas e Sinais";"queda-de-cabelo-por-estresse";"queda de cabelo por estresse";"90";""
"pronto";"145";"2026-11-28";"Reeducação Alimentar: Como Fazer na Prática";"reeducacao-alimentar";"reeducação alimentar";"95";""
"pronto";"146";"2026-11-28";"Sabonete de Enxofre Para Que Serve e Cuidados";"sabonete-de-enxofre-para-que-serve";"sabonete de enxofre para que serve";"94";""
"pronto";"147";"2026-11-28";"Saw Palmetto Queda de Cabelo: O Que Funciona";"saw-palmetto-queda-de-cabelo";"saw palmetto queda de cabelo";"95";""
"pronto";"148";"2026-11-29";"Suplementos para Emagrecer Feminino: Evidências";"suplementos-para-emagrecer-feminino";"suplementos para emagrecer feminino";"90";""
"pronto";"149";"2026-11-29";"Taurina Efeitos Colaterais: Rins e Cafeína";"taurina-efeitos-colaterais";"taurina efeitos colaterais";"95";""
"pronto";"150";"2026-11-29";"Terapia Fotodinâmica: O Que É e Como Funciona";"terapia-fotodinamica";"terapia fotodinâmica";"90";""
"pronto";"151";"2026-11-30";"Termogênico para Emagrecer: Funciona e Riscos";"termogenico-para-emagrecer";"termogênico para emagrecer";"90";""
"pronto";"152";"2026-11-30";"Termogênicos Naturais: Funciona e os Riscos";"termogenicos-naturais";"termogênicos naturais";"90";""
"pronto";"153";"2026-11-30";"Treino Funcional Emagrece? O Que Diz a Ciência";"treino-funcional-emagrece";"treino funcional emagrece";"90";""
"pronto";"154";"2026-12-01";"Valeriana Para Que Serve: Efeitos e Riscos";"valeriana-para-que-serve";"valeriana para que serve";"95";""
"pronto";"155";"2026-12-01";"Vasinhos no Rosto: Causas e Tratamento a Laser";"vasinhos-no-rosto";"vasinhos no rosto";"90";""
"pronto";"156";"2026-12-01";"Vitamina D: Para Que Serve, Sintomas e Cuidados";"vitamina-d";"vitamina D";"90";""
"pronto";"157";"2026-12-02";"Vitamina de Cavalo no Cabelo: Riscos";"vitamina-de-cavalo-no-cabelo";"vitamina de cavalo no cabelo";"90";""
"pronto";"158";"2026-12-02";"Vitamina para Queda de Cabelo: O Que Funciona";"vitamina-para-queda-de-cabelo";"vitamina para queda de cabelo";"95";""
"pronto";"159";"2026-12-02";"Vitaminas para Queda de Cabelo: Sinais e Exames";"vitaminas-para-queda-de-cabelo";"Vitaminas para queda de cabelo";"90";""
"pronto";"160";"2026-12-03";"Albumina em pó: como usar e evitar gases";"albumina-em-po";"albumina em pó";"90";""
"pronto";"161";"2026-12-03";"Bebidas Ambev: portfólio e tabela nutricional";"bebidas-ambev";"bebidas ambev";"95";""
"pronto";"162";"2026-12-03";"Colágeno Verisol: para que serve e dosagem";"colageno-verisol";"colágeno verisol";"94";""
"revisar";"";"";"Dor nas Costas: Guia Prático para Aliviar em Casa";"dor-nas-costas";"dor nas costas";"95";"auditoria 85"
"revisar";"";"";"Prisão de Ventre: Como Aliviar em Dias";"prisao-de-ventre";"prisão de ventre";"90";"auditoria 84"
"revisar";"";"";"Moscas Volantes: Causas, Sinais e Quando Procurar Médico";"moscas-volantes";"moscas volantes";"93";"auditoria 83"
"revisar";"";"";"O que é Menopausa: Guia Completo para Mulheres 40+";"o-que-e-menopausa";"o que é menopausa";"93";"auditoria 81"
"revisar";"";"";"Colesterol HDL: o que é e como interpretar";"colesterol-hdl";"colesterol hdl";"95";"auditoria 96"
"revisar";"";"";"Colesterol LDL: o que é e como reduzir";"colesterol-ldl";"colesterol ldl";"93";"auditoria 96"
"revisar";"";"";"Hipotireoidismo sintomas: sinais comuns aos 40+";"hipotireoidismo-sintomas";"hipotireoidismo sintomas";"92";"auditoria 94"
"revisar";"";"";"Ferritina alta: causas e o que fazer";"ferritina-alta";"ferritina alta";"84";"auditoria 96"
"revisar";"";"";"TSH alto: o que significa e quando investigar";"tsh-alto";"tsh alto";"93";"auditoria 96"
"revisar";"";"";"Pressão alta sintomas: saiba por que a doença é silenciosa";"pressao-alta-sintomas";"pressão alta sintomas";"77";"auditoria 87"
"revisar";"";"";"Próstata aumentada: sintomas e o que fazer";"prostata-aumentada";"próstata aumentada";"91";"auditoria 92"
"revisar";"";"";"Ureia alta: causas e o que fazer";"ureia-alta";"ureia alta";"82";"auditoria 92"
"revisar";"";"";"Caixa d’água: como escolher e limpar";"caixa-d-agua";"caixa d’água";"83";"auditoria 94"
"revisar";"";"";"Calcular Tabela Nutricional Online Grátis: Guia Prático";"calcular-tabela-nutricional-online-gratis";"calcular tabela nutricional online grátis";"86";"auditoria 95"
"revisar";"";"";"Chá Para Aumentar a Imunidade — O Que Funciona";"cha-para-aumentar-a-imunidade";"chá para aumentar a imunidade";"83";"auditoria 98"
"revisar";"";"";"Dieta Simples Para Emagrecer — Guia Prático e Barato";"dieta-simples-para-emagrecer";"dieta simples para emagrecer";"89";"auditoria 95"
"revisar";"";"";"Lista de Dieta Para Emagrecer — Guia Prático";"lista-de-dieta-para-emagrecer";"lista de dieta para emagrecer";"89";"auditoria 96"
"revisar";"";"";"Melanoma: sinais, ABCDE e quando procurar";"melanoma";"melanoma";"97";"auditoria 100"
"revisar";"";"";"Melatonina: Para Que Serve, Efeitos e Cuidados";"melatonina";"melatonina";"87";"auditoria 100"
"revisar";"";"";"Osteoporose: sintomas, prevenção e tratamento";"osteoporose";"osteoporose";"86";"auditoria 94"
"revisar";"";"";"Minoxidil spray cabelo: como usar e cuidados";"minoxidil-spray-cabelo";"minoxidil spray cabelo";"84";"auditoria 100"
"revisar";"";"";"Remédio Minoxidil: Ação, Riscos e Cuidados";"remedio-minoxidil";"remédio minoxidil";"92";"auditoria 100"
"revisar";"";"";"Acantose nigricans: causas e manchas escuras";"acantose-nigricans";"acantose nigricans";"84";"auditoria 100"
"revisar";"";"";"Alimentação sem lactose e glúten: guia completo";"alimentacao-sem-lactose-e-gluten";"alimentação sem lactose e glúten";"84";"auditoria 100"
"revisar";"";"";"Alimentos para Ganhar Massa Muscular: Guia";"alimentos-para-ganhar-massa-muscular";"alimentos para ganhar massa muscular";"85";"auditoria 100"
"revisar";"";"";"Alimentos Ricos em Proteína: Lista e Como Usar";"alimentos-ricos-em-proteina";"alimentos ricos em proteína";"88";"auditoria 100"
"revisar";"";"";"Vitamina D3: Para Que Serve, Fontes e Cuidados";"vitamina-d3";"vitamina D3";"85";"auditoria 100"
"revisar";"";"";"Tipos de bebidas: diferenças e efeitos na saúde";"tipos-de-bebidas";"tipos de bebidas";"84";"auditoria 100"
"revisar";"";"";"Cabelo caindo o que fazer: causas e cuidados";"cabelo-caindo-o-que-fazer";"cabelo caindo o que fazer";"88";"auditoria 100"
"revisar";"";"";"Câncer de pele sintomas: sinais de alerta";"cancer-de-pele-sintomas";"câncer de pele sintomas";"91";"auditoria 100"
"revisar";"";"";"Tratamento capilar caseiro: benefícios e riscos";"tratamento-capilar-caseiro";"tratamento capilar caseiro";"84";"auditoria 100"
"revisar";"";"";"Como engordar de forma saudável: guia prático";"como-engordar-de-forma-saudavel";"como engordar de forma saudável";"84";"auditoria 100"
"revisar";"";"";"Complexo B para que serve: benefícios e cuidados";"complexo-b-para-que-serve";"complexo B para que serve";"85";"auditoria 100"
"revisar";"";"";"Dieta para diabetes tipo 2: guia e cardápio";"dieta-para-diabetes-tipo-2";"dieta para diabetes tipo 2";"85";"auditoria 100"
"revisar";"";"";"Dispneia paroxística noturna: causas e alertas";"dispneia-paroxistica-noturna";"dispneia paroxística noturna";"84";"auditoria 100"
"revisar";"";"";"Exercícios para emagrecer na academia: guia";"exercicios-para-emagrecer-na-academia";"exercícios para emagrecer na academia";"88";"auditoria 100"
"revisar";"";"";"GABA: para que serve, efeitos colaterais e riscos";"gaba";"GABA";"88";"auditoria 95"
"revisar";"";"";"Fibra de soja em dietas enterais: para que serve";"fibra-de-soja-em-dietas-enterais";"fibra de soja em dietas enterais";"84";"auditoria 100"
"revisar";"";"";"Melhor Suplemento Para Reduzir Gordura: Estudos";"melhor-suplemento-para-reduzir-gordura";"melhor suplemento para reduzir gordura";"84";"auditoria 100"
"revisar";"";"";"Minoxidil Solução Capilar: Como Usar e Efeitos";"minoxidil-solucao-capilar";"minoxidil solução capilar";"88";"auditoria 100"
"revisar";"";"";"Minoxidil Spray Cabelo: Como Atua e Cuidados";"minoxidil-spray";"minoxidil spray cabelo";"83";"auditoria 100"
"revisar";"";"";"Minoxidil Tônico Capilar: Como Usar e Shedding";"minoxidil-tonico-capilar";"minoxidil tônico capilar";"81";"auditoria 100"
"revisar";"";"";"Minoxidil para que serve, efeitos e cuidados";"minoxidil";"minoxidil";"76";"auditoria 100"
"revisar";"";"";"Energético Sabores: Riscos, Cafeína e Cuidados";"energetico-sabores";"energético sabores";"84";"auditoria 100"
"revisar";"";"";"Niacinamida Para Que Serve: Benefícios e Efeitos";"niacinamida-para-que-serve";"niacinamida para que serve";"84";"auditoria 100"
"revisar";"";"";"Corpo em Formato de Pera: Saúde e Cuidados 40+";"corpo-em-formato-de-pera";"corpo em formato de pera";"84";"auditoria 100"
"revisar";"";"";"Perder Gordura e Ganhar Massa Muscular: Guia";"perder-gordura-e-ganhar-massa-muscular";"perder gordura e ganhar massa muscular";"84";"auditoria 100"
"revisar";"";"";"Queda de Cabelo Pós-parto: Causas e Cuidados";"queda-de-cabelo-pos-parto";"queda de cabelo pós-parto";"85";"auditoria 100"
"revisar";"";"";"Resistência Insulínica: Sintomas e Cuidados";"resistencia-insulinica";"resistência insulínica";"85";"auditoria 100"
"revisar";"";"";"Retinol Para Que Serve: Benefícios e Como Usar";"retinol-para-que-serve";"retinol para que serve";"80";"auditoria 100"
"revisar";"";"";"Saladas Completas: Como Substituir Refeições";"saladas-completas";"saladas completas";"84";"auditoria 100"
"revisar";"";"";"Suplemento Contribui para a Perda de Gordura?";"suplemento-contribui-para-a-perda-de-gordura";"suplemento contribui para a perda de gordura";"84";"auditoria 100"
"revisar";"";"";"Queda de cabelo depois dos 40: causas e cuidados";"queda-de-cabelo-depois-dos-40";"queda de cabelo depois dos 40";"84";"auditoria 100"
