data;mes;n_do_dia;tipo;tema;palavra_chave;buscas_mes_cabeca;buscas_soma_familia;sensivel_revisao;satelites_no_mesmo_artigo
"2026-10-06";"2026-10";"1";"estoque (pronto)";"coluna";"dores lombares";"74000";"";"";""
"2026-10-06";"2026-10";"2";"estoque (pronto)";"diabetes";"sintomas de diabetes";"60500";"";"";""
"2026-10-06";"2026-10";"3";"estoque (pronto)";"hormonios";"cortisol alto";"60500";"";"";""
"2026-10-07";"2026-10";"1";"estoque (pronto)";"digestivo";"azia";"49500";"";"";""
"2026-10-07";"2026-10";"2";"estoque (pronto)";"circulacao";"varizes";"49500";"";"";""
"2026-10-07";"2026-10";"3";"estoque (pronto)";"coluna";"dor nas costas";"49500";"";"";""
"2026-10-08";"2026-10";"1";"estoque (pronto)";"alimentacao";"alimentos ricos em fibras";"49500";"";"";""
"2026-10-08";"2026-10";"2";"estoque (pronto)";"sono";"insônia";"40500";"";"";""
"2026-10-08";"2026-10";"3";"estoque (pronto)";"sono";"ritmo circadiano";"40500";"";"";""
"2026-10-09";"2026-10";"1";"estoque (pronto)";"hormonios";"andropausa";"39200";"";"";""
"2026-10-09";"2026-10";"2";"estoque (pronto)";"digestao";"barriga inchada";"33100";"";"";""
"2026-10-09";"2026-10";"3";"estoque (pronto)";"digestao";"prisão de ventre";"33100";"";"";""
"2026-10-10";"2026-10";"1";"estoque (pronto)";"digestao";"síndrome do intestino irritável";"33100";"";"";""
"2026-10-10";"2026-10";"2";"estoque (pronto)";"diabetes";"glicemia normal";"27100";"";"";""
"2026-10-10";"2026-10";"3";"estoque (pronto)";"circulacao";"inchaço nas pernas";"22200";"";"";""
"2026-10-11";"2026-10";"1";"estoque (pronto)";"visao";"moscas volantes";"22200";"";"";""
"2026-10-11";"2026-10";"2";"estoque (pronto)";"alimentacao";"alimentos ricos em ferro";"40500";"";"";""
"2026-10-11";"2026-10";"3";"estoque (pronto)";"urinario";"noctúria";"22200";"";"";""
"2026-10-12";"2026-10";"1";"estoque (pronto)";"pele-cabelo";"queda de cabelo";"22000";"";"";""
"2026-10-12";"2026-10";"2";"estoque (pronto)";"visao";"presbiopia";"18100";"";"";""
"2026-10-12";"2026-10";"3";"estoque (pronto)";"pele-cabelo";"manchas na pele";"18100";"";"";""
"2026-10-13";"2026-10";"1";"estoque (pronto)";"menopausa";"o que é menopausa";"14800";"";"";""
"2026-10-13";"2026-10";"2";"estoque (pronto)";"nutricao";"vitamina d baixa sintomas";"12100";"";"";""
"2026-10-13";"2026-10";"3";"estoque (pronto)";"saude-mental";"como controlar a ansiedade";"12100";"";"";""
"2026-10-14";"2026-10";"1";"estoque (pronto)";"nutricao";"lanche saudável";"12100";"";"";""
"2026-10-14";"2026-10";"2";"estoque (pronto)";"pele-cabelo";"cabelos brancos";"12100";"";"";""
"2026-10-14";"2026-10";"3";"estoque (pronto)";"musculo-e-forca";"câimbras nas pernas";"9900";"";"";""
"2026-10-15";"2026-10";"1";"estoque (pronto)";"olhos";"visão embaçada";"9900";"";"";""
"2026-10-15";"2026-10";"2";"estoque (pronto)";"sintomas";"tontura ao levantar";"9900";"";"";""
"2026-10-15";"2026-10";"3";"estoque (pronto)";"sintomas";"suor noturno";"9900";"";"";""
"2026-10-16";"2026-10";"1";"estoque (pronto)";"memoria";"névoa mental";"8100";"";"";""
"2026-10-16";"2026-10";"2";"estoque (pronto)";"menopausa";"fogachos";"6000";"";"";""
"2026-10-16";"2026-10";"3";"estoque (pronto)";"musculo-e-forca";"exercícios para idosos";"4400";"";"";""
"2026-10-17";"2026-10";"1";"estoque (pronto)";"nutricao";"ferro baixo sintomas";"3600";"";"";""
"2026-10-17";"2026-10";"2";"estoque (pronto)";"memoria";"esquecimento";"3600";"";"";""
"2026-10-17";"2026-10";"3";"estoque (pronto)";"emagrecimento";"idade metabólica";"3400";"";"";""
"2026-10-18";"2026-10";"1";"estoque (pronto)";"musculo-e-forca";"sarcopenia";"135000";"";"";""
"2026-10-18";"2026-10";"2";"estoque (pronto)";"colesterol";"colesterol hdl";"74000";"";"";""
"2026-10-18";"2026-10";"3";"estoque (pronto)";"colesterol";"colesterol ldl";"74000";"";"";""
"2026-10-19";"2026-10";"1";"estoque (pronto)";"tireoide";"hipotireoidismo sintomas";"33100";"";"";""
"2026-10-19";"2026-10";"2";"estoque (pronto)";"exames";"ferritina alta";"60500";"";"";""
"2026-10-19";"2026-10";"3";"estoque (pronto)";"exames";"tsh alto";"12100";"";"";""
"2026-10-20";"2026-10";"1";"estoque (pronto)";"";"pressão alta sintomas";"";"";"";""
"2026-10-20";"2026-10";"2";"estoque (pronto)";"prostata";"próstata aumentada";"18100";"";"";""
"2026-10-20";"2026-10";"3";"estoque (pronto)";"exames";"ureia alta";"22200";"";"";""
"2026-10-21";"2026-10";"1";"nova pauta";"Saúde geral";"creatina";"673000";"816100";"";"creatina para que serve | creatina efeitos colaterais"
"2026-10-21";"2026-10";"2";"nova pauta";"Alimentação e peso";"vitamina b12";"550000";"644100";"";"vitamina b12 para que serve | vitamina b12 efeitos colaterais"
"2026-10-21";"2026-10";"3";"nova pauta";"Pele";"colágeno tipo 2";"110000";"122100";"";"colágeno tipo 2 para que serve"
"2026-10-22";"2026-10";"1";"nova pauta";"Saúde geral";"melatonina";"550000";"633900";"sim";"melatonina para que serve | melatonina efeitos colaterais"
"2026-10-22";"2026-10";"2";"nova pauta";"Alimentação e peso";"vitamina c";"165000";"200200";"";"vitamina c no rosto | vitamina c para que serve"
"2026-10-22";"2026-10";"3";"nova pauta";"Próstata e vias urinárias";"taurina";"60500";"102300";"";"taurina para que serve | taurina efeitos colaterais"
"2026-10-23";"2026-10";"1";"nova pauta";"Saúde geral";"ômega 3";"301000";"372900";"";"ômega 3 para que serve | ômega 3 emagrece | ômega 3 efeitos colaterais | ômega 3 vegano"
"2026-10-23";"2026-10";"2";"nova pauta";"Alimentação e peso";"vitamina d3";"90500";"123600";"";"vitamina d3 para que serve"
"2026-10-23";"2026-10";"3";"nova pauta";"Diabetes e exames";"insulínica";"90500";"90500";"sim";""
"2026-10-24";"2026-10";"1";"nova pauta";"Saúde geral";"magnésio";"301000";"342500";"";"magnésio para que serve | magnésio efeitos colaterais"
"2026-10-24";"2026-10";"2";"nova pauta";"Alimentação e peso";"dieta cetogênica";"90500";"109600";"";"dieta cetogênica cardapio | dieta cetogenica como funciona | dieta cetogênica como fazer | dieta cetogenica alimentos | dieta cetogenica o que é"
"2026-10-24";"2026-10";"3";"nova pauta";"Cabelo";"botóx capilar";"90500";"90500";"";""
"2026-10-25";"2026-10";"1";"nova pauta";"Saúde geral";"imc";"301000";"301000";"";""
"2026-10-25";"2026-10";"2";"nova pauta";"Alimentação e peso";"vitamina e";"74000";"101100";"";"vitamina e para que serve"
"2026-10-25";"2026-10";"3";"nova pauta";"Cabelo";"cronograma capilar";"90500";"90500";"";""
"2026-10-26";"2026-10";"1";"nova pauta";"Saúde geral";"psoríase";"246000";"246000";"";""
"2026-10-26";"2026-10";"2";"nova pauta";"Alimentação e peso";"vitamina k2";"60500";"93600";"";"vitamina k2 para que serve"
"2026-10-26";"2026-10";"3";"nova pauta";"Pele";"dermatite de contato";"74000";"83900";"";"dermatite de contato alérgica"
"2026-10-27";"2026-10";"1";"nova pauta";"Saúde geral";"magnésio dimalato";"165000";"215800";"";"magnésio dimalato para que serve | magnésio dimalato efeitos colaterais"
"2026-10-27";"2026-10";"2";"nova pauta";"Digestão e fígado";"constipação";"49500";"82600";"";"constipação o que é"
"2026-10-27";"2026-10";"3";"nova pauta";"Cabelo";"vitaminas para cabelo";"60500";"70400";"";"vitaminas para o cabelo parar de cair"
"2026-10-28";"2026-10";"1";"nova pauta";"Saúde geral";"probióticos";"165000";"173100";"";"probióticos para que serve"
"2026-10-28";"2026-10";"2";"nova pauta";"Sono";"paralisia do sono";"74000";"74000";"";""
"2026-10-28";"2026-10";"3";"nova pauta";"Alimentação e peso";"vitamina b6";"49500";"71700";"";"vitamina b6 para que serve"
"2026-10-29";"2026-10";"1";"nova pauta";"Saúde geral";"foliculite";"165000";"165000";"";""
"2026-10-29";"2026-10";"2";"nova pauta";"Alimentação e peso";"chá para emagrecer";"60500";"68800";"";"cha para emagrecer rapido | melhor chá para emagrecer"
"2026-10-29";"2026-10";"3";"nova pauta";"Diabetes e exames";"hemograma completo";"60500";"60500";"sim";""
"2026-10-30";"2026-10";"1";"nova pauta";"Saúde geral";"impetigo";"135000";"135000";"";""
"2026-10-30";"2026-10";"2";"nova pauta";"Alimentação e peso";"cha emagrecedor";"60500";"60500";"";""
"2026-10-30";"2026-10";"3";"nova pauta";"Pele";"melasma";"60500";"60500";"";""
"2026-10-31";"2026-10";"1";"nova pauta";"Saúde geral";"jejum intermitente";"90500";"119800";"";"jejum intermitente como fazer | jejum intermitente emagrece | jejum intermitente como funciona | benefícios do jejum intermitente | jejum intermitente para emagrecer"
"2026-10-31";"2026-10";"2";"nova pauta";"Alimentação e peso";"chas para emagrecer";"60500";"60500";"";""
"2026-10-31";"2026-10";"3";"nova pauta";"Diabetes e exames";"ferro";"60500";"60500";"";""
"2026-11-01";"2026-11";"1";"nova pauta";"Saúde geral";"zinco";"74000";"114500";"";"zinco para que serve"
"2026-11-01";"2026-11";"2";"nova pauta";"Alimentação e peso";"chas emagrecedores";"60500";"60500";"";""
"2026-11-01";"2026-11";"3";"nova pauta";"Cabelo";"alopecia areata";"49500";"54000";"";"alopecia areata tratamento | alopecia areata causas | alopecia areata causa"
"2026-11-02";"2026-11";"1";"nova pauta";"Saúde geral";"magnésio treonato";"74000";"108100";"";"magnésio treonato para que serve | magnésio treonato efeitos colaterais"
"2026-11-02";"2026-11";"2";"nova pauta";"Alimentação e peso";"chas que emagrecem";"60500";"60500";"";""
"2026-11-02";"2026-11";"3";"nova pauta";"Pele";"colágeno verisol";"49500";"50800";"";"colágeno verisol para que serve"
"2026-11-03";"2026-11";"1";"nova pauta";"Saúde geral";"sarna";"74000";"74000";"";""
"2026-11-03";"2026-11";"2";"nova pauta";"Alimentação e peso";"dieta para emagrecer";"40500";"50800";"";"dieta para emagrecer rapido | dieta para emagrecer 10kg em 30 dias | dieta para emagrecer em 7 dias"
"2026-11-03";"2026-11";"3";"nova pauta";"Cabelo";"queda de cabelo o que pode ser";"8100";"44700";"";"queda de cabelo causas | causa queda de cabelo | tratamento para queda de cabelo | queda de cabelo excessiva | queda de cabelo excessivo"
"2026-11-04";"2026-11";"1";"nova pauta";"Saúde geral";"creatina monohidratada";"60500";"64900";"";"creatina monohidratada para que serve"
"2026-11-04";"2026-11";"2";"nova pauta";"Coração e colesterol";"colesterol alterado";"49500";"49500";"sim";""
"2026-11-04";"2026-11";"3";"nova pauta";"Alimentação e peso";"fibras";"49500";"49500";"";""
"2026-11-05";"2026-11";"1";"nova pauta";"Saúde geral";"magnésio bisglicinato";"49500";"64300";"";"magnésio bisglicinato para que serve"
"2026-11-05";"2026-11";"2";"nova pauta";"Pele";"estrias";"49500";"49500";"";""
"2026-11-05";"2026-11";"3";"nova pauta";"Cabelo";"vitamina para queda de cabelo";"33100";"48700";"";"melhor vitamina para queda de cabelo | vitamina para queda de cabelo feminino | melhor vitamina para queda de cabelo feminino"
"2026-11-06";"2026-11";"1";"nova pauta";"Saúde geral";"urticária";"60500";"60500";"";""
"2026-11-06";"2026-11";"2";"nova pauta";"Alimentação e peso";"vitamina k";"40500";"48600";"";"vitamina k para que serve"
"2026-11-06";"2026-11";"3";"nova pauta";"Diabetes e exames";"resistência à insulina";"40500";"40500";"sim";""
"2026-11-07";"2026-11";"1";"nova pauta";"Saúde geral";"queloide";"60500";"60500";"";""
"2026-11-07";"2026-11";"2";"nova pauta";"Alimentação e peso";"dietas para emagrecer";"40500";"47100";"";"dietas para emagrecer rapido"
"2026-11-07";"2026-11";"3";"nova pauta";"Mulher e menopausa";"climatério";"33100";"33100";"";""
"2026-11-08";"2026-11";"1";"nova pauta";"Saúde geral";"celulite";"60500";"60500";"";""
"2026-11-08";"2026-11";"2";"nova pauta";"Alimentação e peso";"peso ideal";"22200";"42300";"";"peso ideal por altura | peso ideal para altura | peso ideal para cada altura"
"2026-11-08";"2026-11";"3";"nova pauta";"Diabetes e exames";"creatinina alta";"33100";"33100";"sim";""
"2026-11-09";"2026-11";"1";"nova pauta";"Saúde geral";"potássio";"49500";"53100";"";"potássio para que serve"
"2026-11-09";"2026-11";"2";"nova pauta";"Alimentação e peso";"dieta para emagrecimento";"40500";"40500";"";""
"2026-11-09";"2026-11";"3";"nova pauta";"Cabelo";"o que é alopecia";"33100";"33100";"";""
"2026-11-10";"2026-11";"1";"nova pauta";"Saúde geral";"iodo";"40500";"52600";"";"iodo para que serve"
"2026-11-10";"2026-11";"2";"nova pauta";"Alimentação e peso";"vitamina b1";"33100";"38500";"";"vitamina b1 para que serve"
"2026-11-10";"2026-11";"3";"nova pauta";"Pele";"dermatite perioral";"33100";"33100";"";""
"2026-11-11";"2026-11";"1";"nova pauta";"Saúde geral";"gordura visceral";"40500";"52200";"";"gordura visceral como eliminar | gordura visceral como perder | gordura visceral ideal"
"2026-11-11";"2026-11";"2";"nova pauta";"Alimentação e peso";"emagrecimento";"33100";"33100";"";""
"2026-11-11";"2026-11";"3";"nova pauta";"Pele";"colágeno hidrolisado";"22200";"32100";"";"colágeno hidrolisado para que serve"
"2026-11-12";"2026-11";"1";"nova pauta";"Saúde geral";"cravos";"49500";"49500";"";""
"2026-11-12";"2026-11";"2";"nova pauta";"Alimentação e peso";"emagrece";"33100";"33100";"";""
"2026-11-12";"2026-11";"3";"nova pauta";"Cabelo";"cabelo grisalho";"22200";"28700";"";"cabelo grisalho masculino | cabelo grisalho feminino"
"2026-11-13";"2026-11";"1";"nova pauta";"Saúde geral";"minoxidil para que serve";"22200";"46400";"sim";"minoxidil como usar | efeitos colaterais do minoxidil | minoxidil qual o melhor | melhor minoxidil | minoxidil funciona"
"2026-11-13";"2026-11";"2";"nova pauta";"Alimentação e peso";"proteina de soja";"27100";"27100";"";""
"2026-11-13";"2026-11";"3";"nova pauta";"Músculos e movimento";"o que é sarcopenia";"27100";"27100";"";""
"2026-11-14";"2026-11";"1";"nova pauta";"Saúde geral";"cafeína";"33100";"38500";"";"cafeína para que serve"
"2026-11-14";"2026-11";"2";"nova pauta";"Coração e colesterol";"colesterol alto sintomas";"27100";"27100";"sim";""
"2026-11-14";"2026-11";"3";"nova pauta";"Cabelo";"calvície";"18100";"20000";"";"tratamento para calvície"
"2026-11-15";"2026-11";"1";"nova pauta";"Saúde geral";"retenção de líquidos";"33100";"33100";"";""
"2026-11-15";"2026-11";"2";"nova pauta";"Alimentação e peso";"dieta do ovo";"18100";"23900";"";"dieta do ovo 7kg em 7 dias | dieta do ovo cozido"
"2026-11-15";"2026-11";"3";"nova pauta";"Cabelo";"psoríase no couro cabeludo";"18100";"18100";"";""
"2026-11-16";"2026-11";"1";"nova pauta";"Saúde geral";"retenção de liquido";"33100";"33100";"";""
"2026-11-16";"2026-11";"2";"nova pauta";"Hormônios e tireoide";"reposição hormonal";"22200";"22200";"sim";""
"2026-11-16";"2026-11";"3";"nova pauta";"Alimentação e peso";"metabolismo";"22200";"22200";"";""
"2026-11-17";"2026-11";"1";"nova pauta";"Saúde geral";"foliculite na virilha";"33100";"33100";"";""
"2026-11-17";"2026-11";"2";"nova pauta";"Cabelo";"cabelos grisalhos";"22200";"22200";"";""
"2026-11-17";"2026-11";"3";"nova pauta";"Alimentação e peso";"dieta low carb";"18100";"19700";"";"dieta low carb cardápio"
"2026-11-18";"2026-11";"1";"nova pauta";"Saúde geral";"fadiga";"27100";"27100";"";""
"2026-11-18";"2026-11";"2";"nova pauta";"Cabelo";"queda de cabelos";"22200";"22200";"";""
"2026-11-18";"2026-11";"3";"nova pauta";"Alimentação e peso";"proteina isolada de soja";"9900";"14300";"";"proteina isolada"
"2026-11-19";"2026-11";"1";"nova pauta";"Saúde geral";"niacina";"14800";"20200";"";"niacina para que serve"
"2026-11-19";"2026-11";"2";"nova pauta";"Cabelo";"shampoo para dermatite seborreica";"14800";"14800";"";""
"2026-11-19";"2026-11";"3";"nova pauta";"Coração e colesterol";"pressão 14 por 9";"18100";"18100";"sim";""
"2026-11-20";"2026-11";"1";"nova pauta";"Idosos e longevidade";"longevidade";"18100";"18100";"";""
"2026-11-20";"2026-11";"2";"nova pauta";"Saúde geral";"óxido de zinco";"18100";"18100";"";""
"2026-11-20";"2026-11";"3";"nova pauta";"Sono";"sono rem";"18100";"18100";"";""
"2026-11-21";"2026-11";"1";"nova pauta";"Saúde geral";"pqq para que serve";"9900";"18000";"";"pqq"
"2026-11-21";"2026-11";"2";"nova pauta";"Alimentação e peso";"suplemento emagrecer";"14800";"17100";"";"melhor suplemento para emagrecer | suplemento para emagrecer rápido"
"2026-11-21";"2026-11";"3";"nova pauta";"Mente e memória";"chá para dor de cabeça";"14800";"16400";"";"chá para dor de cabeça forte"
"2026-11-22";"2026-11";"1";"nova pauta";"Mulher e menopausa";"com quantos anos a mulher entra na menopausa";"16300";"16300";"";""
"2026-11-22";"2026-11";"2";"nova pauta";"Saúde geral";"magnésio citrato";"8100";"16200";"";"magnésio citrato para que serve"
"2026-11-22";"2026-11";"3";"nova pauta";"Alimentação e peso";"suplementos para emagrecer";"14800";"15800";"";"suplementos para emagrecer feminino"
"2026-11-23";"2026-11";"1";"nova pauta";"Alimentação e peso";"caminhada emagrece";"12100";"15000";"";"fazer caminhada emagrece"
"2026-11-23";"2026-11";"2";"nova pauta";"Coração e colesterol";"chá para pressão alta";"14800";"14800";"sim";""
"2026-11-23";"2026-11";"3";"nova pauta";"Digestão e fígado";"chá para gases";"14800";"14800";"";""
"2026-11-24";"2026-11";"1";"nova pauta";"Alimentação e peso";"suplemento emagrecedor";"14800";"14800";"";""
"2026-11-24";"2026-11";"2";"nova pauta";"Mente e memória";"chás para dor de cabeça";"14800";"14800";"";""
"2026-11-24";"2026-11";"3";"nova pauta";"Pele";"rosácea";"14800";"14800";"";""
"2026-11-25";"2026-11";"1";"nova pauta";"Alimentação e peso";"suplementos emagrecedores";"14800";"14800";"";""
"2026-11-25";"2026-11";"2";"nova pauta";"Mente e memória";"dor de cabeça ao acordar";"14800";"14800";"";""
"2026-11-25";"2026-11";"3";"nova pauta";"Saúde geral";"magnésio taurato para que serve";"8100";"14700";"";"magnésio taurato"
"2026-11-26";"2026-11";"1";"nova pauta";"Alimentação e peso";"suplementos para emagrecimento";"14800";"14800";"";""
"2026-11-26";"2026-11";"2";"nova pauta";"Coração e colesterol";"o que é colesterol";"12100";"12100";"sim";""
"2026-11-26";"2026-11";"3";"nova pauta";"Mulher e menopausa";"menopausa precoce";"12100";"12100";"";""
"2026-11-27";"2026-11";"1";"nova pauta";"Alimentação e peso";"suplemento que emagrece";"14800";"14800";"";""
"2026-11-27";"2026-11";"2";"nova pauta";"Coração e colesterol";"pressão alta o que fazer";"12100";"12100";"sim";""
"2026-11-27";"2026-11";"3";"nova pauta";"Digestão e fígado";"frutas que soltam o intestino";"12100";"12100";"";""
"2026-11-28";"2026-11";"1";"nova pauta";"Alimentação e peso";"vitamina b2";"9900";"14300";"";"vitamina b2 para que serve"
"2026-11-28";"2026-11";"2";"nova pauta";"Saúde geral";"gordura vegetal";"12100";"12100";"";""
"2026-11-28";"2026-11";"3";"nova pauta";"Cabelo";"oque e bom para queda de cabelo";"12100";"12100";"";""
"2026-11-29";"2026-11";"1";"nova pauta";"Alimentação e peso";"gordura abdominal como perder";"9900";"13500";"";"gordura abdominal"
"2026-11-29";"2026-11";"2";"nova pauta";"Cabelo";"hidratação caseira para cabelo";"12100";"12100";"";""
"2026-11-29";"2026-11";"3";"nova pauta";"Pele";"bioestimulador de colágeno";"12100";"12100";"";""
"2026-11-30";"2026-11";"1";"nova pauta";"Alimentação e peso";"caminhada para emagrecer";"12100";"12100";"";""
"2026-11-30";"2026-11";"2";"nova pauta";"Sono";"higiene do sono";"12100";"12100";"";""
"2026-11-30";"2026-11";"3";"nova pauta";"Cabelo";"vitamina para cabelo parar de cair";"9900";"10900";"";"vitamina para cabelo caindo"
"2026-12-01";"2026-12";"1";"nova pauta";"Alimentação e peso";"psyllium emagrece";"12100";"12100";"";""
"2026-12-01";"2026-12";"2";"nova pauta";"Cabelo";"melhor shampoo para queda de cabelo";"5400";"5400";"";""
"2026-12-01";"2026-12";"3";"nova pauta";"Saúde geral";"albumina para que serve";"9900";"9900";"";""
"2026-12-02";"2026-12";"1";"nova pauta";"Alimentação e peso";"caminhar emagrece";"12100";"12100";"";""
"2026-12-02";"2026-12";"2";"nova pauta";"Cabelo";"vitaminas para queda de cabelo feminino";"5400";"5400";"";""
"2026-12-02";"2026-12";"3";"nova pauta";"Pele";"proteina de colageno";"8100";"9100";"";"proteina de colageno equaliv"
"2026-12-03";"2026-12";"1";"nova pauta";"Alimentação e peso";"emagrecer rapido";"12100";"12100";"";""
"2026-12-03";"2026-12";"2";"nova pauta";"Cabelo";"melhores vitaminas para queda de cabelo";"6600";"10200";"";"melhores vitaminas para queda de cabelo feminino"
"2026-12-03";"2026-12";"3";"nova pauta";"Coração e colesterol";"como baixar triglicerídeos";"8100";"8100";"";""
"2026-12-04";"2026-12";"1";"nova pauta";"Alimentação e peso";"emagrecimento rapido";"12100";"12100";"";""
"2026-12-04";"2026-12";"2";"nova pauta";"Cabelo";"alopecia por tração";"3600";"4600";"";"alopecia por estresse"
"2026-12-04";"2026-12";"3";"nova pauta";"Digestão e fígado";"microbiota intestinal";"8100";"8100";"";""
"2026-12-05";"2026-12";"1";"nova pauta";"Alimentação e peso";"calcular peso ideal";"12100";"12100";"";""
"2026-12-05";"2026-12";"2";"nova pauta";"Saúde geral";"finasterida efeitos colaterais";"8100";"8100";"sim";""
"2026-12-05";"2026-12";"3";"nova pauta";"Cabelo";"foliculite no couro cabeludo";"8100";"8100";"";""
"2026-12-06";"2026-12";"1";"nova pauta";"Alimentação e peso";"proteina vegetal";"9900";"11800";"";"proteina vegetal em pó"
"2026-12-06";"2026-12";"2";"nova pauta";"Saúde geral";"benefícios da babosa";"8100";"8100";"";""
"2026-12-06";"2026-12";"3";"nova pauta";"Cabelo";"coceira no couro cabeludo";"8100";"8100";"";""
"2026-12-07";"2026-12";"1";"nova pauta";"Alimentação e peso";"termogênico para emagrecer";"9900";"11200";"";"melhor termogenico para emagrecer"
"2026-12-07";"2026-12";"2";"nova pauta";"Diabetes e exames";"ureia no creme";"8100";"8100";"sim";""
"2026-12-07";"2026-12";"3";"nova pauta";"Sono";"ciclo do sono";"8100";"8100";"";""
"2026-12-08";"2026-12";"1";"nova pauta";"Alimentação e peso";"como acelerar o metabolismo";"9900";"9900";"";""
"2026-12-08";"2026-12";"2";"nova pauta";"Diabetes e exames";"ferro bisglicinato";"8100";"8100";"";""
"2026-12-08";"2026-12";"3";"nova pauta";"Digestão e fígado";"gordura na barriga como perder";"3600";"7400";"";"gordura na barriga | gordura da barriga como eliminar"
"2026-12-09";"2026-12";"1";"nova pauta";"Alimentação e peso";"emagrecedor";"9900";"9900";"";""
"2026-12-09";"2026-12";"2";"nova pauta";"Cabelo";"pantogar para queda de cabelo";"2400";"2400";"";""
"2026-12-09";"2026-12";"3";"nova pauta";"Mulher e menopausa";"pré menopausa";"6600";"6600";"";""
"2026-12-10";"2026-12";"1";"nova pauta";"Alimentação e peso";"termogenico emagrece";"9900";"9900";"";""
"2026-12-10";"2026-12";"2";"nova pauta";"Cabelo";"biotina para queda de cabelo";"1900";"1900";"";""
"2026-12-10";"2026-12";"3";"nova pauta";"Saúde geral";"probioticos naturais";"6600";"6600";"";""
"2026-12-11";"2026-12";"1";"nova pauta";"Alimentação e peso";"alimentos para ganhar massa muscular";"9900";"9900";"";""
"2026-12-11";"2026-12";"2";"nova pauta";"Saúde geral";"imc infantil";"6600";"6600";"";""
"2026-12-11";"2026-12";"3";"nova pauta";"Pele";"dermatite seborreica tratamento";"6600";"6600";"";""
"2026-12-12";"2026-12";"1";"nova pauta";"Alimentação e peso";"desodalina emagrece";"9900";"9900";"";""
"2026-12-12";"2026-12";"2";"nova pauta";"Saúde geral";"imc ideal";"6600";"6600";"";""
"2026-12-12";"2026-12";"3";"nova pauta";"Cabelo";"alopecia frontal fibrosante";"6600";"6600";"";""
"2026-12-13";"2026-12";"1";"nova pauta";"Alimentação e peso";"fibras alimentares";"9900";"9900";"";""
"2026-12-13";"2026-12";"2";"nova pauta";"Cabelo";"feridas no couro cabeludo";"6600";"6600";"";""
"2026-12-13";"2026-12";"3";"nova pauta";"Pele";"estrias vermelhas";"6600";"6600";"";""
"2026-12-14";"2026-12";"1";"nova pauta";"Alimentação e peso";"dieta para perder barriga";"8100";"9100";"";"dieta para perder barriga e ganhar massa muscular"
"2026-12-14";"2026-12";"2";"nova pauta";"Cabelo";"alopecia de tração";"1600";"1600";"";""
"2026-12-14";"2026-12";"3";"nova pauta";"Sono";"insônia causas";"3600";"5500";"";"insônia o que fazer"
"2026-12-15";"2026-12";"1";"nova pauta";"Alimentação e peso";"alimentos que aumentam a testosterona";"8100";"8100";"";""
"2026-12-15";"2026-12";"2";"nova pauta";"Cabelo";"calvície masculina";"1300";"1300";"";""
"2026-12-15";"2026-12";"3";"nova pauta";"Saúde geral";"foliculite na axila";"5400";"5400";"";""
"2026-12-16";"2026-12";"1";"nova pauta";"Alimentação e peso";"dieta dash";"8100";"8100";"";""
"2026-12-16";"2026-12";"2";"nova pauta";"Cabelo";"kerastase queda de cabelo";"1000";"1000";"";""
"2026-12-16";"2026-12";"3";"nova pauta";"Saúde geral";"foliculite decalvante";"5400";"5400";"";""
"2026-12-17";"2026-12";"1";"nova pauta";"Alimentação e peso";"sopa para emagrecer";"8100";"8100";"";""
"2026-12-17";"2026-12";"2";"nova pauta";"Cabelo";"biotina é bom para queda de cabelo";"1000";"1000";"";""
"2026-12-17";"2026-12";"3";"nova pauta";"Pele";"estrias brancas";"5400";"5400";"";""
"2026-12-18";"2026-12";"1";"nova pauta";"Alimentação e peso";"fibra para intestino";"2900";"2900";"";""
"2026-12-18";"2026-12";"2";"nova pauta";"Cabelo";"vitamina d para cabelo";"1000";"1000";"";""
"2026-12-18";"2026-12";"3";"nova pauta";"Visão e audição";"creme para olhos";"5400";"5400";"";""
"2026-12-19";"2026-12";"1";"nova pauta";"Alimentação e peso";"simfort fibras";"2400";"2400";"";""
"2026-12-19";"2026-12";"2";"nova pauta";"Cabelo";"suplemento para queda de cabelo";"3600";"5500";"";"melhor suplemento para queda de cabelo"
"2026-12-19";"2026-12";"3";"nova pauta";"Pele";"dermatite de fralda";"5400";"5400";"";""
"2026-12-20";"2026-12";"1";"nova pauta";"Alimentação e peso";"remedio natural para emagrecer";"6600";"6600";"";""
"2026-12-20";"2026-12";"2";"nova pauta";"Sono";"médico do sono";"5400";"5400";"";""
"2026-12-20";"2026-12";"3";"nova pauta";"Saúde geral";"bromelaína para que serve";"5400";"5400";"";""
"2026-12-21";"2026-12";"1";"nova pauta";"Alimentação e peso";"proteina vegana";"6600";"6600";"";""
"2026-12-21";"2026-12";"2";"nova pauta";"Coração e colesterol";"chá para colesterol";"4400";"4400";"sim";""
"2026-12-21";"2026-12";"3";"nova pauta";"Saúde geral";"perda de massa muscular";"4400";"4400";"";""
"2026-12-22";"2026-12";"1";"nova pauta";"Alimentação e peso";"shake para emagrecer";"6600";"6600";"";""
"2026-12-22";"2026-12";"2";"nova pauta";"Saúde geral";"psoriase cabeça";"4400";"4400";"";""
"2026-12-22";"2026-12";"3";"nova pauta";"Cabelo";"alopécia feminina";"4400";"4400";"";""
"2026-12-23";"2026-12";"1";"nova pauta";"Alimentação e peso";"shake emagrecedor";"6600";"6600";"";""
"2026-12-23";"2026-12";"2";"nova pauta";"Pele";"alergia de pele";"4400";"4400";"";""
"2026-12-23";"2026-12";"3";"nova pauta";"Sono";"fases do sono";"4400";"4400";"";""
"2026-12-24";"2026-12";"1";"nova pauta";"Alimentação e peso";"metabolismo basal";"6600";"6600";"";""
"2026-12-24";"2026-12";"2";"nova pauta";"Cabelo";"alopecia feminino";"4400";"4400";"";""
"2026-12-24";"2026-12";"3";"nova pauta";"Saúde geral";"medir imc";"3600";"3600";"";""
"2026-12-25";"2026-12";"1";"nova pauta";"Alimentação e peso";"proteina liquida";"1600";"1600";"";""
"2026-12-25";"2026-12";"2";"nova pauta";"Cabelo";"caspa o que é";"3600";"3600";"";""
"2026-12-25";"2026-12";"3";"nova pauta";"Saúde geral";"hidratação com babosa";"3600";"3600";"";""
"2026-12-26";"2026-12";"1";"nova pauta";"Alimentação e peso";"dieta sem carboidratos";"3600";"6500";"";"dieta sem gluten"
"2026-12-26";"2026-12";"2";"nova pauta";"Cabelo";"couro cabeludo inflamado";"3600";"3600";"";""
"2026-12-26";"2026-12";"3";"nova pauta";"Saúde geral";"cravos brancos";"3600";"3600";"";""
"2026-12-27";"2026-12";"1";"nova pauta";"Alimentação e peso";"proteina pura";"1000";"1000";"";""
"2026-12-27";"2026-12";"2";"nova pauta";"Cabelo";"foliculite capilar";"3600";"3600";"";""
"2026-12-27";"2026-12";"3";"nova pauta";"Sono";"privação de sono";"3600";"3600";"";""
"2026-12-28";"2026-12";"1";"nova pauta";"Alimentação e peso";"musculação e emagrecimento";"5400";"5400";"";""
"2026-12-28";"2026-12";"2";"nova pauta";"Cabelo";"tônico para queda de cabelo";"3600";"3600";"";""
"2026-12-28";"2026-12";"3";"nova pauta";"Idosos e longevidade";"creatina para idosos";"3600";"3600";"";""
"2026-12-29";"2026-12";"1";"nova pauta";"Alimentação e peso";"musculação emagrece";"5400";"5400";"";""
"2026-12-29";"2026-12";"2";"nova pauta";"Coração e colesterol";"triglicerídeos altos";"2900";"2900";"";""
"2026-12-29";"2026-12";"3";"nova pauta";"Músculos e movimento";"hidroginástica benefícios";"2900";"2900";"";""
"2026-12-30";"2026-12";"1";"nova pauta";"Alimentação e peso";"musculação para emagrecer";"5400";"5400";"";""
"2026-12-30";"2026-12";"2";"nova pauta";"Saúde geral";"creatina suplemento";"2900";"2900";"";""
"2026-12-30";"2026-12";"3";"nova pauta";"Cabelo";"micose no couro cabeludo";"2900";"2900";"";""
"2026-12-31";"2026-12";"1";"nova pauta";"Alimentação e peso";"frutas para emagrecer";"5400";"5400";"";""
"2026-12-31";"2026-12";"2";"nova pauta";"Cabelo";"psoríase capilar";"2900";"2900";"";""
"2026-12-31";"2026-12";"3";"nova pauta";"Visão e audição";"bolsas embaixo dos olhos";"2900";"2900";"";""
"2027-01-01";"2027-01";"1";"nova pauta";"Alimentação e peso";"dieta para ganhar massa muscular";"5400";"5400";"";""
"2027-01-01";"2027-01";"2";"nova pauta";"Cabelo";"fungo no couro cabeludo";"2900";"2900";"";""
"2027-01-01";"2027-01";"3";"nova pauta";"Sono";"magnésio para dormir";"2900";"2900";"";""
"2027-01-02";"2027-01";"1";"nova pauta";"Alimentação e peso";"cardápios para emagrecer";"5400";"5400";"";""
"2027-01-02";"2027-01";"2";"nova pauta";"Coração e colesterol";"colesterol bom como aumentar";"2400";"2400";"sim";""
"2027-01-02";"2027-01";"3";"nova pauta";"Sono";"chá para insônia";"2400";"2400";"";""
"2027-01-03";"2027-01";"1";"nova pauta";"Alimentação e peso";"não quero emagrecer quero perder barriga";"4400";"4400";"";""
"2027-01-03";"2027-01";"2";"nova pauta";"Saúde geral";"imc feminino";"2400";"2400";"";""
"2027-01-03";"2027-01";"3";"nova pauta";"Sono";"sono profundo";"2400";"2400";"";""
"2027-01-04";"2027-01";"1";"nova pauta";"Alimentação e peso";"dieta mediterrânea";"4400";"4400";"";""
"2027-01-04";"2027-01";"2";"nova pauta";"Saúde geral";"psoríase em placas";"2400";"2400";"";""
"2027-01-04";"2027-01";"3";"nova pauta";"Cabelo";"caroço no couro cabeludo";"1900";"1900";"";""
"2027-01-05";"2027-01";"1";"nova pauta";"Alimentação e peso";"molico proteina";"4400";"4400";"";""
"2027-01-05";"2027-01";"2";"nova pauta";"Cabelo";"queda capilar";"1900";"1900";"";""
"2027-01-05";"2027-01";"3";"nova pauta";"Digestão e fígado";"gordura localizada na barriga";"1600";"1600";"";""
"2027-01-06";"2027-01";"1";"nova pauta";"Alimentação e peso";"dieta fodmaps";"4400";"4400";"";""
"2027-01-06";"2027-01";"2";"nova pauta";"Cabelo";"tratamentos para alopecia";"1900";"1900";"";""
"2027-01-06";"2027-01";"3";"nova pauta";"Saúde geral";"queimadores de gordura";"1600";"1600";"";""
"2027-01-07";"2027-01";"1";"nova pauta";"Alimentação e peso";"dieta para colesterol alto";"3600";"3600";"sim";""
"2027-01-07";"2027-01";"2";"nova pauta";"Cabelo";"tipos de alopecia";"1900";"1900";"";""
"2027-01-07";"2027-01";"3";"nova pauta";"Saúde geral";"queimador de gordura";"1600";"1600";"";""
"2027-01-08";"2027-01";"1";"nova pauta";"Alimentação e peso";"emagrecedor natural";"3600";"3600";"";""
"2027-01-08";"2027-01";"2";"nova pauta";"Cabelo";"esfoliação do couro cabeludo";"1900";"1900";"";""
"2027-01-08";"2027-01";"3";"nova pauta";"Saúde geral";"comidas para ganhar massa muscular";"1600";"1600";"";""
"2027-01-09";"2027-01";"1";"nova pauta";"Alimentação e peso";"frutas com vitamina c";"3600";"3600";"";""
"2027-01-09";"2027-01";"2";"nova pauta";"Cabelo";"vitamina para fortalecer o cabelo";"1900";"1900";"";""
"2027-01-09";"2027-01";"3";"nova pauta";"Digestão e fígado";"ressecamento intestinal";"1600";"1600";"";""
"2027-01-10";"2027-01";"1";"nova pauta";"Alimentação e peso";"dieta dukan";"3600";"3600";"";""
"2027-01-10";"2027-01";"2";"nova pauta";"Cabelo";"vitamina boa para queda de cabelo";"1900";"1900";"";""
"2027-01-10";"2027-01";"3";"nova pauta";"Digestão e fígado";"intestino ressecado";"1600";"1600";"";""
"2027-01-11";"2027-01";"1";"nova pauta";"Alimentação e peso";"dieta de 1200 calorias";"3600";"3600";"";""
"2027-01-11";"2027-01";"2";"nova pauta";"Cabelo";"melhores suplementos para queda de cabelo";"1900";"1900";"";""
"2027-01-11";"2027-01";"3";"nova pauta";"Digestão e fígado";"constipação crônica";"1600";"1600";"";""
"2027-01-12";"2027-01";"1";"nova pauta";"Alimentação e peso";"comprimidos para emagrecer";"3600";"3600";"";""
"2027-01-12";"2027-01";"2";"nova pauta";"Digestão e fígado";"intestino preguiçoso sintomas";"1600";"1600";"";""
"2027-01-12";"2027-01";"3";"nova pauta";"Cabelo";"finasterida para queda de cabelo";"1600";"1600";"sim";""
"2027-01-13";"2027-01";"1";"nova pauta";"Alimentação e peso";"alimentação para emagrecer";"3600";"3600";"";""
"2027-01-13";"2027-01";"2";"nova pauta";"Cabelo";"minoxidil para queda de cabelo";"1600";"1600";"sim";""
"2027-01-13";"2027-01";"3";"nova pauta";"Pele";"estrias na gravidez";"1600";"1600";"";""
"2027-01-14";"2027-01";"1";"nova pauta";"Alimentação e peso";"para emagrecer";"3600";"3600";"";""
"2027-01-14";"2027-01";"2";"nova pauta";"Cabelo";"alopecia universal";"1600";"1600";"";""
"2027-01-14";"2027-01";"3";"nova pauta";"Sono";"sono leve";"1600";"1600";"";""
"2027-01-15";"2027-01";"1";"nova pauta";"Alimentação e peso";"comidas para emagrecer";"3600";"3600";"";""
"2027-01-15";"2027-01";"2";"nova pauta";"Cabelo";"descamação do couro cabeludo";"1600";"1600";"";""
"2027-01-15";"2027-01";"3";"nova pauta";"Saúde geral";"suplementos para queimar gordura";"1300";"1300";"";""
"2027-01-16";"2027-01";"1";"nova pauta";"Alimentação e peso";"proteina em pó";"3600";"3600";"";""
"2027-01-16";"2027-01";"2";"nova pauta";"Saúde geral";"suplemento queima gordura";"1300";"1300";"";""
"2027-01-16";"2027-01";"3";"nova pauta";"Digestão e fígado";"obstipação intestinal";"1300";"1300";"";""
"2027-01-17";"2027-01";"1";"nova pauta";"Alimentação e peso";"fibras soluveis";"3600";"3600";"";""
"2027-01-17";"2027-01";"2";"nova pauta";"Saúde geral";"imc online";"1300";"1300";"";""
"2027-01-17";"2027-01";"3";"nova pauta";"Cabelo";"bolinhas no couro cabeludo";"1300";"1300";"";""
"2027-01-18";"2027-01";"1";"nova pauta";"Alimentação e peso";"cutting dieta";"3600";"3600";"";""
"2027-01-18";"2027-01";"2";"nova pauta";"Cabelo";"alopecia na barba";"1300";"1300";"";""
"2027-01-18";"2027-01";"3";"nova pauta";"Músculos e movimento";"magnésio para câimbras";"1300";"1300";"";""
"2027-01-19";"2027-01";"1";"nova pauta";"Alimentação e peso";"melhor suplemento para queimar gordura abdominal";"1900";"3200";"";"suplemento para queimar gordura"
"2027-01-19";"2027-01";"2";"nova pauta";"Saúde geral";"magnésio óxido";"1300";"1300";"";""
"2027-01-19";"2027-01";"3";"nova pauta";"Cabelo";"vitamina pro cabelo parar de cair";"1300";"1300";"";""
"2027-01-20";"2027-01";"1";"nova pauta";"Alimentação e peso";"metabolismo lento";"2900";"2900";"";""
"2027-01-20";"2027-01";"2";"nova pauta";"Cabelo";"alopecia em mulher";"1300";"1300";"";""
"2027-01-20";"2027-01";"3";"nova pauta";"Mulher e menopausa";"fogacho menopausa";"1000";"1000";"";""
"2027-01-21";"2027-01";"1";"nova pauta";"Alimentação e peso";"cálculo metabolismo basal";"2900";"2900";"";""
"2027-01-21";"2027-01";"2";"nova pauta";"Saúde geral";"queima gordura";"1000";"1000";"";""
"2027-01-21";"2027-01";"3";"nova pauta";"Digestão e fígado";"constipação intestinal o que fazer";"1000";"1000";"";""
"2027-01-22";"2027-01";"1";"nova pauta";"Alimentação e peso";"frutas que ajudam a emagrecer";"2900";"2900";"";""
"2027-01-22";"2027-01";"2";"nova pauta";"Saúde geral";"cardapio para ganho de massa muscular";"1000";"1000";"";""
"2027-01-22";"2027-01";"3";"nova pauta";"Cabelo";"cisto no couro cabeludo";"1000";"1000";"";""
"2027-01-23";"2027-01";"1";"nova pauta";"Alimentação e peso";"frutas ricas em vitamina c";"2900";"2900";"";""
"2027-01-23";"2027-01";"2";"nova pauta";"Pele";"melasma na gravidez";"1000";"1000";"";""
"2027-01-23";"2027-01";"3";"nova pauta";"Cabelo";"vitamina de cavalo para cabelo";"1000";"1000";"";""
"2027-01-24";"2027-01";"1";"nova pauta";"Alimentação e peso";"chá que tira a fome e emagrece";"2900";"2900";"";""
"2027-01-24";"2027-01";"2";"nova pauta";"Cabelo";"alopecia estresse";"1000";"1000";"";""
"2027-01-24";"2027-01";"3";"nova pauta";"Alimentação e peso";"dieta liquida";"2900";"2900";"";""
"2027-01-25";"2027-01";"1";"nova pauta";"Alimentação e peso";"dieta do mediterraneo";"2900";"2900";"";""
"2027-01-25";"2027-01";"2";"nova pauta";"Alimentação e peso";"fibra alimentar";"2900";"2900";"";""
"2027-01-25";"2027-01";"3";"nova pauta";"Alimentação e peso";"bulking dieta";"2900";"2900";"";""
"2027-01-26";"2027-01";"1";"nova pauta";"Alimentação e peso";"alimentos que ajudam a emagrecer";"1900";"2900";"";"alimentos que ajudam a ganhar massa muscular"
"2027-01-26";"2027-01";"2";"nova pauta";"Alimentação e peso";"frutas vitamina c";"1600";"2900";"";"frutas que tem vitamina c"
"2027-01-26";"2027-01";"3";"nova pauta";"Alimentação e peso";"cardapio de dieta para emagrecer";"1300";"2600";"";"cardapio dieta"
"2027-01-27";"2027-01";"1";"nova pauta";"Alimentação e peso";"perder gordura abdominal";"2400";"2400";"";""
"2027-01-27";"2027-01";"2";"nova pauta";"Alimentação e peso";"diabetes e emagrecimento";"2400";"2400";"sim";""
"2027-01-27";"2027-01";"3";"nova pauta";"Alimentação e peso";"emagrecedor potente";"2400";"2400";"";""
"2027-01-28";"2027-01";"1";"nova pauta";"Alimentação e peso";"taxa de metabolismo basal";"2400";"2400";"";""
"2027-01-28";"2027-01";"2";"nova pauta";"Alimentação e peso";"remedio bom para emagrecer";"2400";"2400";"";""
"2027-01-28";"2027-01";"3";"nova pauta";"Alimentação e peso";"chá caseiro para emagrecer";"2400";"2400";"";""
"2027-01-29";"2027-01";"1";"nova pauta";"Alimentação e peso";"cha natural para emagrecer";"2400";"2400";"";""
"2027-01-29";"2027-01";"2";"nova pauta";"Alimentação e peso";"chá que ajuda a emagrecer";"2400";"2400";"";""
"2027-01-29";"2027-01";"3";"nova pauta";"Alimentação e peso";"dieta hipocalorica";"2400";"2400";"";""
"2027-01-30";"2027-01";"1";"nova pauta";"Alimentação e peso";"dieta para ganho de massa muscular";"2400";"2400";"";""
"2027-01-30";"2027-01";"2";"nova pauta";"Alimentação e peso";"proteina de ervilha";"2400";"2400";"";""
"2027-01-30";"2027-01";"3";"nova pauta";"Alimentação e peso";"fibra psyllium";"2400";"2400";"";""
"2027-01-31";"2027-01";"1";"nova pauta";"Alimentação e peso";"sopa emagrecedora";"2400";"2400";"";""
"2027-01-31";"2027-01";"2";"nova pauta";"Alimentação e peso";"dieta da sopa";"2400";"2400";"";""
"2027-01-31";"2027-01";"3";"nova pauta";"Alimentação e peso";"fibra soluvel";"2400";"2400";"";""
"2027-02-01";"2027-02";"1";"nova pauta";"Alimentação e peso";"dieta para desinflamar o corpo";"2400";"2400";"";""
"2027-02-01";"2027-02";"2";"nova pauta";"Alimentação e peso";"dieta para secar barriga";"1300";"2300";"";"dieta para secar"
"2027-02-01";"2027-02";"3";"nova pauta";"Alimentação e peso";"queimar gordura abdominal";"1000";"2000";"";"queimar gordura"
"2027-02-02";"2027-02";"1";"nova pauta";"Alimentação e peso";"slim emagrecedor";"1900";"1900";"";""
"2027-02-02";"2027-02";"2";"nova pauta";"Alimentação e peso";"suplemento alimentar para emagrecer";"1900";"1900";"";""
"2027-02-02";"2027-02";"3";"nova pauta";"Alimentação e peso";"slim para emagrecer";"1900";"1900";"";""
"2027-02-03";"2027-02";"1";"nova pauta";"Alimentação e peso";"remedios que ajudam a emagrecer";"1900";"1900";"";""
"2027-02-03";"2027-02";"2";"nova pauta";"Alimentação e peso";"chá para acelerar o metabolismo";"1900";"1900";"";""
"2027-02-03";"2027-02";"3";"nova pauta";"Alimentação e peso";"dieta para engordar";"1900";"1900";"";""
"2027-02-04";"2027-02";"1";"nova pauta";"Alimentação e peso";"dieta desinflamatoria";"1900";"1900";"";""
"2027-02-04";"2027-02";"2";"nova pauta";"Alimentação e peso";"proteina hidrolisada";"1900";"1900";"";""
"2027-02-04";"2027-02";"3";"nova pauta";"Alimentação e peso";"dieta da proteina";"1900";"1900";"";""
"2027-02-05";"2027-02";"1";"nova pauta";"Alimentação e peso";"rybelsus para emagrecer";"1900";"1900";"";""
"2027-02-05";"2027-02";"2";"nova pauta";"Alimentação e peso";"produtos para emagrecer";"1600";"1600";"";""
"2027-02-05";"2027-02";"3";"nova pauta";"Alimentação e peso";"spirulina emagrece";"1600";"1600";"";""
"2027-02-06";"2027-02";"1";"nova pauta";"Alimentação e peso";"simulador de caminhada emagrece";"1600";"1600";"";""
"2027-02-06";"2027-02";"2";"nova pauta";"Alimentação e peso";"produtos naturais para emagrecer";"1600";"1600";"";""
"2027-02-06";"2027-02";"3";"nova pauta";"Alimentação e peso";"produtos emagrecimento";"1600";"1600";"";""
"2027-02-07";"2027-02";"1";"nova pauta";"Alimentação e peso";"produto emagrecedor";"1600";"1600";"";""
"2027-02-07";"2027-02";"2";"nova pauta";"Alimentação e peso";"treino para emagrecimento";"1600";"1600";"";""
"2027-02-07";"2027-02";"3";"nova pauta";"Alimentação e peso";"alimentos vitamina c";"1600";"1600";"";""
"2027-02-08";"2027-02";"1";"nova pauta";"Alimentação e peso";"dieta de 1500 calorias";"1600";"1600";"";""
"2027-02-08";"2027-02";"2";"nova pauta";"Alimentação e peso";"proteina de arroz";"1600";"1600";"";""
"2027-02-08";"2027-02";"3";"nova pauta";"Alimentação e peso";"dieta saudável";"1600";"1600";"";""
"2027-02-09";"2027-02";"1";"nova pauta";"Alimentação e peso";"dieta dos pontos";"1600";"1600";"";""
"2027-02-09";"2027-02";"2";"nova pauta";"Alimentação e peso";"alimentos para ganho de massa muscular";"1600";"1600";"";""
"2027-02-09";"2027-02";"3";"nova pauta";"Alimentação e peso";"melhores alimentos para ganhar massa muscular";"1600";"1600";"";""
"2027-02-10";"2027-02";"1";"nova pauta";"Alimentação e peso";"melhor proteina";"1600";"1600";"";""
"2027-02-10";"2027-02";"2";"nova pauta";"Alimentação e peso";"remedios naturais para emagrecer";"1300";"1300";"";""
"2027-02-10";"2027-02";"3";"nova pauta";"Alimentação e peso";"melhor pré treino para emagrecer";"1300";"1300";"";""
"2027-02-11";"2027-02";"1";"nova pauta";"Alimentação e peso";"fitoterápico emagrecedor";"1300";"1300";"";""
"2027-02-11";"2027-02";"2";"nova pauta";"Alimentação e peso";"fitoterápicos para emagrecer";"1300";"1300";"";""
"2027-02-11";"2027-02";"3";"nova pauta";"Alimentação e peso";"termogenico ajuda a emagrecer";"1300";"1300";"";""
"2027-02-12";"2027-02";"1";"nova pauta";"Alimentação e peso";"dieta enteral 1.5";"1300";"1300";"";""
"2027-02-12";"2027-02";"2";"nova pauta";"Alimentação e peso";"emagrecer com saude";"1300";"1300";"";""
"2027-02-12";"2027-02";"3";"nova pauta";"Alimentação e peso";"dieta detox";"1300";"1300";"";""
"2027-02-13";"2027-02";"1";"nova pauta";"Alimentação e peso";"preciso emagrecer urgente";"1300";"1300";"";""
"2027-02-13";"2027-02";"2";"nova pauta";"Alimentação e peso";"emagrecer 10kg";"1300";"1300";"";""
"2027-02-13";"2027-02";"3";"nova pauta";"Alimentação e peso";"emagrecimento saudavel";"1300";"1300";"";""
"2027-02-14";"2027-02";"1";"nova pauta";"Alimentação e peso";"dieta de 1000 calorias";"1300";"1300";"";""
"2027-02-14";"2027-02";"2";"nova pauta";"Alimentação e peso";"fibra mais";"1300";"1300";"";""
"2027-02-14";"2027-02";"3";"nova pauta";"Alimentação e peso";"alimentos para menopausa";"1000";"1000";"";""
"2027-02-15";"2027-02";"1";"nova pauta";"Alimentação e peso";"treino para emagrecer na academia";"1000";"1000";"";""
"2027-02-15";"2027-02";"2";"nova pauta";"Alimentação e peso";"suplementos que ajudam a emagrecer";"1000";"1000";"";""
"2027-02-15";"2027-02";"3";"nova pauta";"Alimentação e peso";"manipulados para emagrecer";"1000";"1000";"";""
"2027-02-16";"2027-02";"1";"nova pauta";"Alimentação e peso";"slim fit emagrecedor";"1000";"1000";"";""
"2027-02-16";"2027-02";"2";"nova pauta";"Alimentação e peso";"academia para emagrecer";"1000";"1000";"";""
"2027-02-16";"2027-02";"3";"nova pauta";"Alimentação e peso";"treino funcional emagrece";"1000";"1000";"";""
"2027-02-17";"2027-02";"1";"nova pauta";"Alimentação e peso";"suplemento para ajudar a emagrecer";"1000";"1000";"";""
"2027-02-17";"2027-02";"2";"nova pauta";"Alimentação e peso";"academia emagrece";"1000";"1000";"";""
"2027-02-17";"2027-02";"3";"nova pauta";"Alimentação e peso";"chá que emagrece 1kg por dia";"1000";"1000";"";""
"2027-02-18";"2027-02";"1";"nova pauta";"Alimentação e peso";"quero emagrecer";"1000";"1000";"";""
"2027-02-18";"2027-02";"2";"nova pauta";"Alimentação e peso";"dieta simples para emagrecer";"1000";"1000";"";""
"2027-02-18";"2027-02";"3";"nova pauta";"Alimentação e peso";"proteina dux";"1000";"1000";"";""
"2027-02-19";"2027-02";"1";"nova pauta";"Alimentação e peso";"suplemento de proteina";"1000";"1000";"";""
"2027-02-19";"2027-02";"2";"nova pauta";"Alimentação e peso";"lista de dieta para emagrecer";"1000";"1000";"";""
"2027-02-19";"2027-02";"3";"nova pauta";"Alimentação e peso";"jejum para emagrecer";"1000";"1000";"";""
"2027-02-20";"2027-02";"1";"nova pauta";"Alimentação e peso";"dieta zero carboidrato";"1000";"1000";"";""
"2027-02-20";"2027-02";"2";"nova pauta";"Alimentação e peso";"proteina para emagrecer";"1000";"1000";"";""
"2027-02-20";"2027-02";"3";"nova pauta";"Alimentação e peso";"vitamina biotina para que serve";"1000";"1000";"";""
"2027-02-21";"2027-02";"1";"VAGA (validar tema novo)";"";"";"";"";"";""
"2027-02-21";"2027-02";"2";"VAGA (validar tema novo)";"";"";"";"";"";""
"2027-02-21";"2027-02";"3";"VAGA (validar tema novo)";"";"";"";"";"";""
"2027-02-22";"2027-02";"1";"VAGA (validar tema novo)";"";"";"";"";"";""
"2027-02-22";"2027-02";"2";"VAGA (validar tema novo)";"";"";"";"";"";""
"2027-02-22";"2027-02";"3";"VAGA (validar tema novo)";"";"";"";"";"";""
"2027-02-23";"2027-02";"1";"VAGA (validar tema novo)";"";"";"";"";"";""
"2027-02-23";"2027-02";"2";"VAGA (validar tema novo)";"";"";"";"";"";""
"2027-02-23";"2027-02";"3";"VAGA (validar tema novo)";"";"";"";"";"";""
"2027-02-24";"2027-02";"1";"VAGA (validar tema novo)";"";"";"";"";"";""
"2027-02-24";"2027-02";"2";"VAGA (validar tema novo)";"";"";"";"";"";""
"2027-02-24";"2027-02";"3";"VAGA (validar tema novo)";"";"";"";"";"";""
"2027-02-25";"2027-02";"1";"VAGA (validar tema novo)";"";"";"";"";"";""
"2027-02-25";"2027-02";"2";"VAGA (validar tema novo)";"";"";"";"";"";""
"2027-02-25";"2027-02";"3";"VAGA (validar tema novo)";"";"";"";"";"";""
"2027-02-26";"2027-02";"1";"VAGA (validar tema novo)";"";"";"";"";"";""
"2027-02-26";"2027-02";"2";"VAGA (validar tema novo)";"";"";"";"";"";""
"2027-02-26";"2027-02";"3";"VAGA (validar tema novo)";"";"";"";"";"";""
"2027-02-27";"2027-02";"1";"VAGA (validar tema novo)";"";"";"";"";"";""
"2027-02-27";"2027-02";"2";"VAGA (validar tema novo)";"";"";"";"";"";""
"2027-02-27";"2027-02";"3";"VAGA (validar tema novo)";"";"";"";"";"";""
"2027-02-28";"2027-02";"1";"VAGA (validar tema novo)";"";"";"";"";"";""
"2027-02-28";"2027-02";"2";"VAGA (validar tema novo)";"";"";"";"";"";""
"2027-02-28";"2027-02";"3";"VAGA (validar tema novo)";"";"";"";"";"";""
"2027-03-01";"2027-03";"1";"VAGA (validar tema novo)";"";"";"";"";"";""
"2027-03-01";"2027-03";"2";"VAGA (validar tema novo)";"";"";"";"";"";""
"2027-03-01";"2027-03";"3";"VAGA (validar tema novo)";"";"";"";"";"";""
"2027-03-02";"2027-03";"1";"VAGA (validar tema novo)";"";"";"";"";"";""
"2027-03-02";"2027-03";"2";"VAGA (validar tema novo)";"";"";"";"";"";""
"2027-03-02";"2027-03";"3";"VAGA (validar tema novo)";"";"";"";"";"";""
"2027-03-03";"2027-03";"1";"VAGA (validar tema novo)";"";"";"";"";"";""
"2027-03-03";"2027-03";"2";"VAGA (validar tema novo)";"";"";"";"";"";""
"2027-03-03";"2027-03";"3";"VAGA (validar tema novo)";"";"";"";"";"";""
"2027-03-04";"2027-03";"1";"VAGA (validar tema novo)";"";"";"";"";"";""
"2027-03-04";"2027-03";"2";"VAGA (validar tema novo)";"";"";"";"";"";""
"2027-03-04";"2027-03";"3";"VAGA (validar tema novo)";"";"";"";"";"";""
"2027-03-05";"2027-03";"1";"VAGA (validar tema novo)";"";"";"";"";"";""
"2027-03-05";"2027-03";"2";"VAGA (validar tema novo)";"";"";"";"";"";""
"2027-03-05";"2027-03";"3";"VAGA (validar tema novo)";"";"";"";"";"";""
"2027-03-06";"2027-03";"1";"VAGA (validar tema novo)";"";"";"";"";"";""
"2027-03-06";"2027-03";"2";"VAGA (validar tema novo)";"";"";"";"";"";""
"2027-03-06";"2027-03";"3";"VAGA (validar tema novo)";"";"";"";"";"";""
"2027-03-07";"2027-03";"1";"VAGA (validar tema novo)";"";"";"";"";"";""
"2027-03-07";"2027-03";"2";"VAGA (validar tema novo)";"";"";"";"";"";""
"2027-03-07";"2027-03";"3";"VAGA (validar tema novo)";"";"";"";"";"";""
"2027-03-08";"2027-03";"1";"VAGA (validar tema novo)";"";"";"";"";"";""
"2027-03-08";"2027-03";"2";"VAGA (validar tema novo)";"";"";"";"";"";""
"2027-03-08";"2027-03";"3";"VAGA (validar tema novo)";"";"";"";"";"";""
"2027-03-09";"2027-03";"1";"VAGA (validar tema novo)";"";"";"";"";"";""
"2027-03-09";"2027-03";"2";"VAGA (validar tema novo)";"";"";"";"";"";""
"2027-03-09";"2027-03";"3";"VAGA (validar tema novo)";"";"";"";"";"";""
"2027-03-10";"2027-03";"1";"VAGA (validar tema novo)";"";"";"";"";"";""
"2027-03-10";"2027-03";"2";"VAGA (validar tema novo)";"";"";"";"";"";""
"2027-03-10";"2027-03";"3";"VAGA (validar tema novo)";"";"";"";"";"";""
"2027-03-11";"2027-03";"1";"VAGA (validar tema novo)";"";"";"";"";"";""
"2027-03-11";"2027-03";"2";"VAGA (validar tema novo)";"";"";"";"";"";""
"2027-03-11";"2027-03";"3";"VAGA (validar tema novo)";"";"";"";"";"";""
"2027-03-12";"2027-03";"1";"VAGA (validar tema novo)";"";"";"";"";"";""
"2027-03-12";"2027-03";"2";"VAGA (validar tema novo)";"";"";"";"";"";""
"2027-03-12";"2027-03";"3";"VAGA (validar tema novo)";"";"";"";"";"";""
"2027-03-13";"2027-03";"1";"VAGA (validar tema novo)";"";"";"";"";"";""
"2027-03-13";"2027-03";"2";"VAGA (validar tema novo)";"";"";"";"";"";""
"2027-03-13";"2027-03";"3";"VAGA (validar tema novo)";"";"";"";"";"";""
"2027-03-14";"2027-03";"1";"VAGA (validar tema novo)";"";"";"";"";"";""
"2027-03-14";"2027-03";"2";"VAGA (validar tema novo)";"";"";"";"";"";""
"2027-03-14";"2027-03";"3";"VAGA (validar tema novo)";"";"";"";"";"";""
"2027-03-15";"2027-03";"1";"VAGA (validar tema novo)";"";"";"";"";"";""
"2027-03-15";"2027-03";"2";"VAGA (validar tema novo)";"";"";"";"";"";""
"2027-03-15";"2027-03";"3";"VAGA (validar tema novo)";"";"";"";"";"";""
"2027-03-16";"2027-03";"1";"VAGA (validar tema novo)";"";"";"";"";"";""
"2027-03-16";"2027-03";"2";"VAGA (validar tema novo)";"";"";"";"";"";""
"2027-03-16";"2027-03";"3";"VAGA (validar tema novo)";"";"";"";"";"";""
"2027-03-17";"2027-03";"1";"VAGA (validar tema novo)";"";"";"";"";"";""
"2027-03-17";"2027-03";"2";"VAGA (validar tema novo)";"";"";"";"";"";""
"2027-03-17";"2027-03";"3";"VAGA (validar tema novo)";"";"";"";"";"";""
"2027-03-18";"2027-03";"1";"VAGA (validar tema novo)";"";"";"";"";"";""
"2027-03-18";"2027-03";"2";"VAGA (validar tema novo)";"";"";"";"";"";""
"2027-03-18";"2027-03";"3";"VAGA (validar tema novo)";"";"";"";"";"";""
"2027-03-19";"2027-03";"1";"VAGA (validar tema novo)";"";"";"";"";"";""
"2027-03-19";"2027-03";"2";"VAGA (validar tema novo)";"";"";"";"";"";""
"2027-03-19";"2027-03";"3";"VAGA (validar tema novo)";"";"";"";"";"";""
"2027-03-20";"2027-03";"1";"VAGA (validar tema novo)";"";"";"";"";"";""
"2027-03-20";"2027-03";"2";"VAGA (validar tema novo)";"";"";"";"";"";""
"2027-03-20";"2027-03";"3";"VAGA (validar tema novo)";"";"";"";"";"";""
"2027-03-21";"2027-03";"1";"VAGA (validar tema novo)";"";"";"";"";"";""
"2027-03-21";"2027-03";"2";"VAGA (validar tema novo)";"";"";"";"";"";""
"2027-03-21";"2027-03";"3";"VAGA (validar tema novo)";"";"";"";"";"";""
"2027-03-22";"2027-03";"1";"VAGA (validar tema novo)";"";"";"";"";"";""
"2027-03-22";"2027-03";"2";"VAGA (validar tema novo)";"";"";"";"";"";""
"2027-03-22";"2027-03";"3";"VAGA (validar tema novo)";"";"";"";"";"";""
"2027-03-23";"2027-03";"1";"VAGA (validar tema novo)";"";"";"";"";"";""
"2027-03-23";"2027-03";"2";"VAGA (validar tema novo)";"";"";"";"";"";""
"2027-03-23";"2027-03";"3";"VAGA (validar tema novo)";"";"";"";"";"";""
"2027-03-24";"2027-03";"1";"VAGA (validar tema novo)";"";"";"";"";"";""
"2027-03-24";"2027-03";"2";"VAGA (validar tema novo)";"";"";"";"";"";""
"2027-03-24";"2027-03";"3";"VAGA (validar tema novo)";"";"";"";"";"";""
"2027-03-25";"2027-03";"1";"VAGA (validar tema novo)";"";"";"";"";"";""
"2027-03-25";"2027-03";"2";"VAGA (validar tema novo)";"";"";"";"";"";""
"2027-03-25";"2027-03";"3";"VAGA (validar tema novo)";"";"";"";"";"";""
"2027-03-26";"2027-03";"1";"VAGA (validar tema novo)";"";"";"";"";"";""
"2027-03-26";"2027-03";"2";"VAGA (validar tema novo)";"";"";"";"";"";""
"2027-03-26";"2027-03";"3";"VAGA (validar tema novo)";"";"";"";"";"";""
"2027-03-27";"2027-03";"1";"VAGA (validar tema novo)";"";"";"";"";"";""
"2027-03-27";"2027-03";"2";"VAGA (validar tema novo)";"";"";"";"";"";""
"2027-03-27";"2027-03";"3";"VAGA (validar tema novo)";"";"";"";"";"";""
"2027-03-28";"2027-03";"1";"VAGA (validar tema novo)";"";"";"";"";"";""
"2027-03-28";"2027-03";"2";"VAGA (validar tema novo)";"";"";"";"";"";""
"2027-03-28";"2027-03";"3";"VAGA (validar tema novo)";"";"";"";"";"";""
"2027-03-29";"2027-03";"1";"VAGA (validar tema novo)";"";"";"";"";"";""
"2027-03-29";"2027-03";"2";"VAGA (validar tema novo)";"";"";"";"";"";""
"2027-03-29";"2027-03";"3";"VAGA (validar tema novo)";"";"";"";"";"";""
"2027-03-30";"2027-03";"1";"VAGA (validar tema novo)";"";"";"";"";"";""
"2027-03-30";"2027-03";"2";"VAGA (validar tema novo)";"";"";"";"";"";""
"2027-03-30";"2027-03";"3";"VAGA (validar tema novo)";"";"";"";"";"";""
"2027-03-31";"2027-03";"1";"VAGA (validar tema novo)";"";"";"";"";"";""
"2027-03-31";"2027-03";"2";"VAGA (validar tema novo)";"";"";"";"";"";""
"2027-03-31";"2027-03";"3";"VAGA (validar tema novo)";"";"";"";"";"";""
"2027-04-01";"2027-04";"1";"VAGA (validar tema novo)";"";"";"";"";"";""
"2027-04-01";"2027-04";"2";"VAGA (validar tema novo)";"";"";"";"";"";""
"2027-04-01";"2027-04";"3";"VAGA (validar tema novo)";"";"";"";"";"";""
"2027-04-02";"2027-04";"1";"VAGA (validar tema novo)";"";"";"";"";"";""
"2027-04-02";"2027-04";"2";"VAGA (validar tema novo)";"";"";"";"";"";""
"2027-04-02";"2027-04";"3";"VAGA (validar tema novo)";"";"";"";"";"";""
"2027-04-03";"2027-04";"1";"VAGA (validar tema novo)";"";"";"";"";"";""
"2027-04-03";"2027-04";"2";"VAGA (validar tema novo)";"";"";"";"";"";""
"2027-04-03";"2027-04";"3";"VAGA (validar tema novo)";"";"";"";"";"";""
"2027-04-04";"2027-04";"1";"VAGA (validar tema novo)";"";"";"";"";"";""
"2027-04-04";"2027-04";"2";"VAGA (validar tema novo)";"";"";"";"";"";""
"2027-04-04";"2027-04";"3";"VAGA (validar tema novo)";"";"";"";"";"";""
"2027-04-05";"2027-04";"1";"VAGA (validar tema novo)";"";"";"";"";"";""
"2027-04-05";"2027-04";"2";"VAGA (validar tema novo)";"";"";"";"";"";""
"2027-04-05";"2027-04";"3";"VAGA (validar tema novo)";"";"";"";"";"";""
"2027-04-06";"2027-04";"1";"VAGA (validar tema novo)";"";"";"";"";"";""
"2027-04-06";"2027-04";"2";"VAGA (validar tema novo)";"";"";"";"";"";""
"2027-04-06";"2027-04";"3";"VAGA (validar tema novo)";"";"";"";"";"";""
"2027-04-07";"2027-04";"1";"VAGA (validar tema novo)";"";"";"";"";"";""
"2027-04-07";"2027-04";"2";"VAGA (validar tema novo)";"";"";"";"";"";""
"2027-04-07";"2027-04";"3";"VAGA (validar tema novo)";"";"";"";"";"";""
"2027-04-08";"2027-04";"1";"VAGA (validar tema novo)";"";"";"";"";"";""
"2027-04-08";"2027-04";"2";"VAGA (validar tema novo)";"";"";"";"";"";""
"2027-04-08";"2027-04";"3";"VAGA (validar tema novo)";"";"";"";"";"";""
"2027-04-09";"2027-04";"1";"VAGA (validar tema novo)";"";"";"";"";"";""
"2027-04-09";"2027-04";"2";"VAGA (validar tema novo)";"";"";"";"";"";""
"2027-04-09";"2027-04";"3";"VAGA (validar tema novo)";"";"";"";"";"";""
"2027-04-10";"2027-04";"1";"VAGA (validar tema novo)";"";"";"";"";"";""
"2027-04-10";"2027-04";"2";"VAGA (validar tema novo)";"";"";"";"";"";""
"2027-04-10";"2027-04";"3";"VAGA (validar tema novo)";"";"";"";"";"";""
"2027-04-11";"2027-04";"1";"VAGA (validar tema novo)";"";"";"";"";"";""
"2027-04-11";"2027-04";"2";"VAGA (validar tema novo)";"";"";"";"";"";""
"2027-04-11";"2027-04";"3";"VAGA (validar tema novo)";"";"";"";"";"";""
"2027-04-12";"2027-04";"1";"VAGA (validar tema novo)";"";"";"";"";"";""
"2027-04-12";"2027-04";"2";"VAGA (validar tema novo)";"";"";"";"";"";""
"2027-04-12";"2027-04";"3";"VAGA (validar tema novo)";"";"";"";"";"";""
"2027-04-13";"2027-04";"1";"VAGA (validar tema novo)";"";"";"";"";"";""
"2027-04-13";"2027-04";"2";"VAGA (validar tema novo)";"";"";"";"";"";""
"2027-04-13";"2027-04";"3";"VAGA (validar tema novo)";"";"";"";"";"";""
"2027-04-14";"2027-04";"1";"VAGA (validar tema novo)";"";"";"";"";"";""
"2027-04-14";"2027-04";"2";"VAGA (validar tema novo)";"";"";"";"";"";""
"2027-04-14";"2027-04";"3";"VAGA (validar tema novo)";"";"";"";"";"";""
"2027-04-15";"2027-04";"1";"VAGA (validar tema novo)";"";"";"";"";"";""
"2027-04-15";"2027-04";"2";"VAGA (validar tema novo)";"";"";"";"";"";""
"2027-04-15";"2027-04";"3";"VAGA (validar tema novo)";"";"";"";"";"";""
"2027-04-16";"2027-04";"1";"VAGA (validar tema novo)";"";"";"";"";"";""
"2027-04-16";"2027-04";"2";"VAGA (validar tema novo)";"";"";"";"";"";""
"2027-04-16";"2027-04";"3";"VAGA (validar tema novo)";"";"";"";"";"";""
"2027-04-17";"2027-04";"1";"VAGA (validar tema novo)";"";"";"";"";"";""
"2027-04-17";"2027-04";"2";"VAGA (validar tema novo)";"";"";"";"";"";""
"2027-04-17";"2027-04";"3";"VAGA (validar tema novo)";"";"";"";"";"";""
"2027-04-18";"2027-04";"1";"VAGA (validar tema novo)";"";"";"";"";"";""
"2027-04-18";"2027-04";"2";"VAGA (validar tema novo)";"";"";"";"";"";""
"2027-04-18";"2027-04";"3";"VAGA (validar tema novo)";"";"";"";"";"";""
"2027-04-19";"2027-04";"1";"VAGA (validar tema novo)";"";"";"";"";"";""
"2027-04-19";"2027-04";"2";"VAGA (validar tema novo)";"";"";"";"";"";""
"2027-04-19";"2027-04";"3";"VAGA (validar tema novo)";"";"";"";"";"";""
"2027-04-20";"2027-04";"1";"VAGA (validar tema novo)";"";"";"";"";"";""
"2027-04-20";"2027-04";"2";"VAGA (validar tema novo)";"";"";"";"";"";""
"2027-04-20";"2027-04";"3";"VAGA (validar tema novo)";"";"";"";"";"";""
"2027-04-21";"2027-04";"1";"VAGA (validar tema novo)";"";"";"";"";"";""
"2027-04-21";"2027-04";"2";"VAGA (validar tema novo)";"";"";"";"";"";""
"2027-04-21";"2027-04";"3";"VAGA (validar tema novo)";"";"";"";"";"";""
"2027-04-22";"2027-04";"1";"VAGA (validar tema novo)";"";"";"";"";"";""
"2027-04-22";"2027-04";"2";"VAGA (validar tema novo)";"";"";"";"";"";""
"2027-04-22";"2027-04";"3";"VAGA (validar tema novo)";"";"";"";"";"";""
"2027-04-23";"2027-04";"1";"VAGA (validar tema novo)";"";"";"";"";"";""
"2027-04-23";"2027-04";"2";"VAGA (validar tema novo)";"";"";"";"";"";""
"2027-04-23";"2027-04";"3";"VAGA (validar tema novo)";"";"";"";"";"";""
"2027-04-24";"2027-04";"1";"VAGA (validar tema novo)";"";"";"";"";"";""
"2027-04-24";"2027-04";"2";"VAGA (validar tema novo)";"";"";"";"";"";""
"2027-04-24";"2027-04";"3";"VAGA (validar tema novo)";"";"";"";"";"";""
"2027-04-25";"2027-04";"1";"VAGA (validar tema novo)";"";"";"";"";"";""
"2027-04-25";"2027-04";"2";"VAGA (validar tema novo)";"";"";"";"";"";""
"2027-04-25";"2027-04";"3";"VAGA (validar tema novo)";"";"";"";"";"";""
"2027-04-26";"2027-04";"1";"VAGA (validar tema novo)";"";"";"";"";"";""
"2027-04-26";"2027-04";"2";"VAGA (validar tema novo)";"";"";"";"";"";""
"2027-04-26";"2027-04";"3";"VAGA (validar tema novo)";"";"";"";"";"";""
"2027-04-27";"2027-04";"1";"VAGA (validar tema novo)";"";"";"";"";"";""
"2027-04-27";"2027-04";"2";"VAGA (validar tema novo)";"";"";"";"";"";""
"2027-04-27";"2027-04";"3";"VAGA (validar tema novo)";"";"";"";"";"";""
"2027-04-28";"2027-04";"1";"VAGA (validar tema novo)";"";"";"";"";"";""
"2027-04-28";"2027-04";"2";"VAGA (validar tema novo)";"";"";"";"";"";""
"2027-04-28";"2027-04";"3";"VAGA (validar tema novo)";"";"";"";"";"";""
"2027-04-29";"2027-04";"1";"VAGA (validar tema novo)";"";"";"";"";"";""
"2027-04-29";"2027-04";"2";"VAGA (validar tema novo)";"";"";"";"";"";""
"2027-04-29";"2027-04";"3";"VAGA (validar tema novo)";"";"";"";"";"";""
"2027-04-30";"2027-04";"1";"VAGA (validar tema novo)";"";"";"";"";"";""
"2027-04-30";"2027-04";"2";"VAGA (validar tema novo)";"";"";"";"";"";""
"2027-04-30";"2027-04";"3";"VAGA (validar tema novo)";"";"";"";"";"";""
"2027-05-01";"2027-05";"1";"VAGA (validar tema novo)";"";"";"";"";"";""
"2027-05-01";"2027-05";"2";"VAGA (validar tema novo)";"";"";"";"";"";""
"2027-05-01";"2027-05";"3";"VAGA (validar tema novo)";"";"";"";"";"";""
"2027-05-02";"2027-05";"1";"VAGA (validar tema novo)";"";"";"";"";"";""
"2027-05-02";"2027-05";"2";"VAGA (validar tema novo)";"";"";"";"";"";""
"2027-05-02";"2027-05";"3";"VAGA (validar tema novo)";"";"";"";"";"";""
"2027-05-03";"2027-05";"1";"VAGA (validar tema novo)";"";"";"";"";"";""
"2027-05-03";"2027-05";"2";"VAGA (validar tema novo)";"";"";"";"";"";""
"2027-05-03";"2027-05";"3";"VAGA (validar tema novo)";"";"";"";"";"";""
"2027-05-04";"2027-05";"1";"VAGA (validar tema novo)";"";"";"";"";"";""
"2027-05-04";"2027-05";"2";"VAGA (validar tema novo)";"";"";"";"";"";""
"2027-05-04";"2027-05";"3";"VAGA (validar tema novo)";"";"";"";"";"";""
"2027-05-05";"2027-05";"1";"VAGA (validar tema novo)";"";"";"";"";"";""
"2027-05-05";"2027-05";"2";"VAGA (validar tema novo)";"";"";"";"";"";""
"2027-05-05";"2027-05";"3";"VAGA (validar tema novo)";"";"";"";"";"";""
"2027-05-06";"2027-05";"1";"VAGA (validar tema novo)";"";"";"";"";"";""
"2027-05-06";"2027-05";"2";"VAGA (validar tema novo)";"";"";"";"";"";""
"2027-05-06";"2027-05";"3";"VAGA (validar tema novo)";"";"";"";"";"";""
"2027-05-07";"2027-05";"1";"VAGA (validar tema novo)";"";"";"";"";"";""
"2027-05-07";"2027-05";"2";"VAGA (validar tema novo)";"";"";"";"";"";""
"2027-05-07";"2027-05";"3";"VAGA (validar tema novo)";"";"";"";"";"";""
"2027-05-08";"2027-05";"1";"VAGA (validar tema novo)";"";"";"";"";"";""
"2027-05-08";"2027-05";"2";"VAGA (validar tema novo)";"";"";"";"";"";""
"2027-05-08";"2027-05";"3";"VAGA (validar tema novo)";"";"";"";"";"";""
"2027-05-09";"2027-05";"1";"VAGA (validar tema novo)";"";"";"";"";"";""
"2027-05-09";"2027-05";"2";"VAGA (validar tema novo)";"";"";"";"";"";""
"2027-05-09";"2027-05";"3";"VAGA (validar tema novo)";"";"";"";"";"";""
"2027-05-10";"2027-05";"1";"VAGA (validar tema novo)";"";"";"";"";"";""
"2027-05-10";"2027-05";"2";"VAGA (validar tema novo)";"";"";"";"";"";""
"2027-05-10";"2027-05";"3";"VAGA (validar tema novo)";"";"";"";"";"";""
"2027-05-11";"2027-05";"1";"VAGA (validar tema novo)";"";"";"";"";"";""
"2027-05-11";"2027-05";"2";"VAGA (validar tema novo)";"";"";"";"";"";""
"2027-05-11";"2027-05";"3";"VAGA (validar tema novo)";"";"";"";"";"";""
"2027-05-12";"2027-05";"1";"VAGA (validar tema novo)";"";"";"";"";"";""
"2027-05-12";"2027-05";"2";"VAGA (validar tema novo)";"";"";"";"";"";""
"2027-05-12";"2027-05";"3";"VAGA (validar tema novo)";"";"";"";"";"";""
"2027-05-13";"2027-05";"1";"VAGA (validar tema novo)";"";"";"";"";"";""
"2027-05-13";"2027-05";"2";"VAGA (validar tema novo)";"";"";"";"";"";""
"2027-05-13";"2027-05";"3";"VAGA (validar tema novo)";"";"";"";"";"";""
"2027-05-14";"2027-05";"1";"VAGA (validar tema novo)";"";"";"";"";"";""
"2027-05-14";"2027-05";"2";"VAGA (validar tema novo)";"";"";"";"";"";""
"2027-05-14";"2027-05";"3";"VAGA (validar tema novo)";"";"";"";"";"";""
"2027-05-15";"2027-05";"1";"VAGA (validar tema novo)";"";"";"";"";"";""
"2027-05-15";"2027-05";"2";"VAGA (validar tema novo)";"";"";"";"";"";""
"2027-05-15";"2027-05";"3";"VAGA (validar tema novo)";"";"";"";"";"";""
"2027-05-16";"2027-05";"1";"VAGA (validar tema novo)";"";"";"";"";"";""
"2027-05-16";"2027-05";"2";"VAGA (validar tema novo)";"";"";"";"";"";""
"2027-05-16";"2027-05";"3";"VAGA (validar tema novo)";"";"";"";"";"";""
"2027-05-17";"2027-05";"1";"VAGA (validar tema novo)";"";"";"";"";"";""
"2027-05-17";"2027-05";"2";"VAGA (validar tema novo)";"";"";"";"";"";""
"2027-05-17";"2027-05";"3";"VAGA (validar tema novo)";"";"";"";"";"";""
"2027-05-18";"2027-05";"1";"VAGA (validar tema novo)";"";"";"";"";"";""
"2027-05-18";"2027-05";"2";"VAGA (validar tema novo)";"";"";"";"";"";""
"2027-05-18";"2027-05";"3";"VAGA (validar tema novo)";"";"";"";"";"";""
"2027-05-19";"2027-05";"1";"VAGA (validar tema novo)";"";"";"";"";"";""
"2027-05-19";"2027-05";"2";"VAGA (validar tema novo)";"";"";"";"";"";""
"2027-05-19";"2027-05";"3";"VAGA (validar tema novo)";"";"";"";"";"";""
"2027-05-20";"2027-05";"1";"VAGA (validar tema novo)";"";"";"";"";"";""
"2027-05-20";"2027-05";"2";"VAGA (validar tema novo)";"";"";"";"";"";""
"2027-05-20";"2027-05";"3";"VAGA (validar tema novo)";"";"";"";"";"";""
"2027-05-21";"2027-05";"1";"VAGA (validar tema novo)";"";"";"";"";"";""
"2027-05-21";"2027-05";"2";"VAGA (validar tema novo)";"";"";"";"";"";""
"2027-05-21";"2027-05";"3";"VAGA (validar tema novo)";"";"";"";"";"";""
"2027-05-22";"2027-05";"1";"VAGA (validar tema novo)";"";"";"";"";"";""
"2027-05-22";"2027-05";"2";"VAGA (validar tema novo)";"";"";"";"";"";""
"2027-05-22";"2027-05";"3";"VAGA (validar tema novo)";"";"";"";"";"";""
"2027-05-23";"2027-05";"1";"VAGA (validar tema novo)";"";"";"";"";"";""
"2027-05-23";"2027-05";"2";"VAGA (validar tema novo)";"";"";"";"";"";""
"2027-05-23";"2027-05";"3";"VAGA (validar tema novo)";"";"";"";"";"";""
"2027-05-24";"2027-05";"1";"VAGA (validar tema novo)";"";"";"";"";"";""
"2027-05-24";"2027-05";"2";"VAGA (validar tema novo)";"";"";"";"";"";""
"2027-05-24";"2027-05";"3";"VAGA (validar tema novo)";"";"";"";"";"";""
"2027-05-25";"2027-05";"1";"VAGA (validar tema novo)";"";"";"";"";"";""
"2027-05-25";"2027-05";"2";"VAGA (validar tema novo)";"";"";"";"";"";""
"2027-05-25";"2027-05";"3";"VAGA (validar tema novo)";"";"";"";"";"";""
"2027-05-26";"2027-05";"1";"VAGA (validar tema novo)";"";"";"";"";"";""
"2027-05-26";"2027-05";"2";"VAGA (validar tema novo)";"";"";"";"";"";""
"2027-05-26";"2027-05";"3";"VAGA (validar tema novo)";"";"";"";"";"";""
"2027-05-27";"2027-05";"1";"VAGA (validar tema novo)";"";"";"";"";"";""
"2027-05-27";"2027-05";"2";"VAGA (validar tema novo)";"";"";"";"";"";""
"2027-05-27";"2027-05";"3";"VAGA (validar tema novo)";"";"";"";"";"";""
"2027-05-28";"2027-05";"1";"VAGA (validar tema novo)";"";"";"";"";"";""
"2027-05-28";"2027-05";"2";"VAGA (validar tema novo)";"";"";"";"";"";""
"2027-05-28";"2027-05";"3";"VAGA (validar tema novo)";"";"";"";"";"";""
"2027-05-29";"2027-05";"1";"VAGA (validar tema novo)";"";"";"";"";"";""
"2027-05-29";"2027-05";"2";"VAGA (validar tema novo)";"";"";"";"";"";""
"2027-05-29";"2027-05";"3";"VAGA (validar tema novo)";"";"";"";"";"";""
"2027-05-30";"2027-05";"1";"VAGA (validar tema novo)";"";"";"";"";"";""
"2027-05-30";"2027-05";"2";"VAGA (validar tema novo)";"";"";"";"";"";""
"2027-05-30";"2027-05";"3";"VAGA (validar tema novo)";"";"";"";"";"";""
"2027-05-31";"2027-05";"1";"VAGA (validar tema novo)";"";"";"";"";"";""
"2027-05-31";"2027-05";"2";"VAGA (validar tema novo)";"";"";"";"";"";""
"2027-05-31";"2027-05";"3";"VAGA (validar tema novo)";"";"";"";"";"";""
"2027-06-01";"2027-06";"1";"VAGA (validar tema novo)";"";"";"";"";"";""
"2027-06-01";"2027-06";"2";"VAGA (validar tema novo)";"";"";"";"";"";""
"2027-06-01";"2027-06";"3";"VAGA (validar tema novo)";"";"";"";"";"";""
"2027-06-02";"2027-06";"1";"VAGA (validar tema novo)";"";"";"";"";"";""
"2027-06-02";"2027-06";"2";"VAGA (validar tema novo)";"";"";"";"";"";""
"2027-06-02";"2027-06";"3";"VAGA (validar tema novo)";"";"";"";"";"";""
"2027-06-03";"2027-06";"1";"VAGA (validar tema novo)";"";"";"";"";"";""
"2027-06-03";"2027-06";"2";"VAGA (validar tema novo)";"";"";"";"";"";""
"2027-06-03";"2027-06";"3";"VAGA (validar tema novo)";"";"";"";"";"";""
"2027-06-04";"2027-06";"1";"VAGA (validar tema novo)";"";"";"";"";"";""
"2027-06-04";"2027-06";"2";"VAGA (validar tema novo)";"";"";"";"";"";""
"2027-06-04";"2027-06";"3";"VAGA (validar tema novo)";"";"";"";"";"";""
"2027-06-05";"2027-06";"1";"VAGA (validar tema novo)";"";"";"";"";"";""
"2027-06-05";"2027-06";"2";"VAGA (validar tema novo)";"";"";"";"";"";""
"2027-06-05";"2027-06";"3";"VAGA (validar tema novo)";"";"";"";"";"";""
"2027-06-06";"2027-06";"1";"VAGA (validar tema novo)";"";"";"";"";"";""
"2027-06-06";"2027-06";"2";"VAGA (validar tema novo)";"";"";"";"";"";""
"2027-06-06";"2027-06";"3";"VAGA (validar tema novo)";"";"";"";"";"";""
"2027-06-07";"2027-06";"1";"VAGA (validar tema novo)";"";"";"";"";"";""
"2027-06-07";"2027-06";"2";"VAGA (validar tema novo)";"";"";"";"";"";""
"2027-06-07";"2027-06";"3";"VAGA (validar tema novo)";"";"";"";"";"";""
"2027-06-08";"2027-06";"1";"VAGA (validar tema novo)";"";"";"";"";"";""
"2027-06-08";"2027-06";"2";"VAGA (validar tema novo)";"";"";"";"";"";""
"2027-06-08";"2027-06";"3";"VAGA (validar tema novo)";"";"";"";"";"";""
"2027-06-09";"2027-06";"1";"VAGA (validar tema novo)";"";"";"";"";"";""
"2027-06-09";"2027-06";"2";"VAGA (validar tema novo)";"";"";"";"";"";""
"2027-06-09";"2027-06";"3";"VAGA (validar tema novo)";"";"";"";"";"";""
"2027-06-10";"2027-06";"1";"VAGA (validar tema novo)";"";"";"";"";"";""
"2027-06-10";"2027-06";"2";"VAGA (validar tema novo)";"";"";"";"";"";""
"2027-06-10";"2027-06";"3";"VAGA (validar tema novo)";"";"";"";"";"";""
"2027-06-11";"2027-06";"1";"VAGA (validar tema novo)";"";"";"";"";"";""
"2027-06-11";"2027-06";"2";"VAGA (validar tema novo)";"";"";"";"";"";""
"2027-06-11";"2027-06";"3";"VAGA (validar tema novo)";"";"";"";"";"";""
"2027-06-12";"2027-06";"1";"VAGA (validar tema novo)";"";"";"";"";"";""
"2027-06-12";"2027-06";"2";"VAGA (validar tema novo)";"";"";"";"";"";""
"2027-06-12";"2027-06";"3";"VAGA (validar tema novo)";"";"";"";"";"";""
"2027-06-13";"2027-06";"1";"VAGA (validar tema novo)";"";"";"";"";"";""
"2027-06-13";"2027-06";"2";"VAGA (validar tema novo)";"";"";"";"";"";""
"2027-06-13";"2027-06";"3";"VAGA (validar tema novo)";"";"";"";"";"";""
"2027-06-14";"2027-06";"1";"VAGA (validar tema novo)";"";"";"";"";"";""
"2027-06-14";"2027-06";"2";"VAGA (validar tema novo)";"";"";"";"";"";""
"2027-06-14";"2027-06";"3";"VAGA (validar tema novo)";"";"";"";"";"";""
"2027-06-15";"2027-06";"1";"VAGA (validar tema novo)";"";"";"";"";"";""
"2027-06-15";"2027-06";"2";"VAGA (validar tema novo)";"";"";"";"";"";""
"2027-06-15";"2027-06";"3";"VAGA (validar tema novo)";"";"";"";"";"";""
"2027-06-16";"2027-06";"1";"VAGA (validar tema novo)";"";"";"";"";"";""
"2027-06-16";"2027-06";"2";"VAGA (validar tema novo)";"";"";"";"";"";""
"2027-06-16";"2027-06";"3";"VAGA (validar tema novo)";"";"";"";"";"";""
"2027-06-17";"2027-06";"1";"VAGA (validar tema novo)";"";"";"";"";"";""
"2027-06-17";"2027-06";"2";"VAGA (validar tema novo)";"";"";"";"";"";""
"2027-06-17";"2027-06";"3";"VAGA (validar tema novo)";"";"";"";"";"";""
"2027-06-18";"2027-06";"1";"VAGA (validar tema novo)";"";"";"";"";"";""
"2027-06-18";"2027-06";"2";"VAGA (validar tema novo)";"";"";"";"";"";""
"2027-06-18";"2027-06";"3";"VAGA (validar tema novo)";"";"";"";"";"";""
"2027-06-19";"2027-06";"1";"VAGA (validar tema novo)";"";"";"";"";"";""
"2027-06-19";"2027-06";"2";"VAGA (validar tema novo)";"";"";"";"";"";""
"2027-06-19";"2027-06";"3";"VAGA (validar tema novo)";"";"";"";"";"";""
"2027-06-20";"2027-06";"1";"VAGA (validar tema novo)";"";"";"";"";"";""
"2027-06-20";"2027-06";"2";"VAGA (validar tema novo)";"";"";"";"";"";""
"2027-06-20";"2027-06";"3";"VAGA (validar tema novo)";"";"";"";"";"";""
"2027-06-21";"2027-06";"1";"VAGA (validar tema novo)";"";"";"";"";"";""
"2027-06-21";"2027-06";"2";"VAGA (validar tema novo)";"";"";"";"";"";""
"2027-06-21";"2027-06";"3";"VAGA (validar tema novo)";"";"";"";"";"";""
"2027-06-22";"2027-06";"1";"VAGA (validar tema novo)";"";"";"";"";"";""
"2027-06-22";"2027-06";"2";"VAGA (validar tema novo)";"";"";"";"";"";""
"2027-06-22";"2027-06";"3";"VAGA (validar tema novo)";"";"";"";"";"";""
"2027-06-23";"2027-06";"1";"VAGA (validar tema novo)";"";"";"";"";"";""
"2027-06-23";"2027-06";"2";"VAGA (validar tema novo)";"";"";"";"";"";""
"2027-06-23";"2027-06";"3";"VAGA (validar tema novo)";"";"";"";"";"";""
"2027-06-24";"2027-06";"1";"VAGA (validar tema novo)";"";"";"";"";"";""
"2027-06-24";"2027-06";"2";"VAGA (validar tema novo)";"";"";"";"";"";""
"2027-06-24";"2027-06";"3";"VAGA (validar tema novo)";"";"";"";"";"";""
"2027-06-25";"2027-06";"1";"VAGA (validar tema novo)";"";"";"";"";"";""
"2027-06-25";"2027-06";"2";"VAGA (validar tema novo)";"";"";"";"";"";""
"2027-06-25";"2027-06";"3";"VAGA (validar tema novo)";"";"";"";"";"";""
"2027-06-26";"2027-06";"1";"VAGA (validar tema novo)";"";"";"";"";"";""
"2027-06-26";"2027-06";"2";"VAGA (validar tema novo)";"";"";"";"";"";""
"2027-06-26";"2027-06";"3";"VAGA (validar tema novo)";"";"";"";"";"";""
"2027-06-27";"2027-06";"1";"VAGA (validar tema novo)";"";"";"";"";"";""
"2027-06-27";"2027-06";"2";"VAGA (validar tema novo)";"";"";"";"";"";""
"2027-06-27";"2027-06";"3";"VAGA (validar tema novo)";"";"";"";"";"";""
"2027-06-28";"2027-06";"1";"VAGA (validar tema novo)";"";"";"";"";"";""
"2027-06-28";"2027-06";"2";"VAGA (validar tema novo)";"";"";"";"";"";""
"2027-06-28";"2027-06";"3";"VAGA (validar tema novo)";"";"";"";"";"";""
"2027-06-29";"2027-06";"1";"VAGA (validar tema novo)";"";"";"";"";"";""
"2027-06-29";"2027-06";"2";"VAGA (validar tema novo)";"";"";"";"";"";""
"2027-06-29";"2027-06";"3";"VAGA (validar tema novo)";"";"";"";"";"";""
"2027-06-30";"2027-06";"1";"VAGA (validar tema novo)";"";"";"";"";"";""
"2027-06-30";"2027-06";"2";"VAGA (validar tema novo)";"";"";"";"";"";""
"2027-06-30";"2027-06";"3";"VAGA (validar tema novo)";"";"";"";"";"";""
"2027-07-01";"2027-07";"1";"VAGA (validar tema novo)";"";"";"";"";"";""
"2027-07-01";"2027-07";"2";"VAGA (validar tema novo)";"";"";"";"";"";""
"2027-07-01";"2027-07";"3";"VAGA (validar tema novo)";"";"";"";"";"";""
"2027-07-02";"2027-07";"1";"VAGA (validar tema novo)";"";"";"";"";"";""
"2027-07-02";"2027-07";"2";"VAGA (validar tema novo)";"";"";"";"";"";""
"2027-07-02";"2027-07";"3";"VAGA (validar tema novo)";"";"";"";"";"";""
"2027-07-03";"2027-07";"1";"VAGA (validar tema novo)";"";"";"";"";"";""
"2027-07-03";"2027-07";"2";"VAGA (validar tema novo)";"";"";"";"";"";""
"2027-07-03";"2027-07";"3";"VAGA (validar tema novo)";"";"";"";"";"";""
"2027-07-04";"2027-07";"1";"VAGA (validar tema novo)";"";"";"";"";"";""
"2027-07-04";"2027-07";"2";"VAGA (validar tema novo)";"";"";"";"";"";""
"2027-07-04";"2027-07";"3";"VAGA (validar tema novo)";"";"";"";"";"";""
"2027-07-05";"2027-07";"1";"VAGA (validar tema novo)";"";"";"";"";"";""
"2027-07-05";"2027-07";"2";"VAGA (validar tema novo)";"";"";"";"";"";""
"2027-07-05";"2027-07";"3";"VAGA (validar tema novo)";"";"";"";"";"";""
"2027-07-06";"2027-07";"1";"VAGA (validar tema novo)";"";"";"";"";"";""
"2027-07-06";"2027-07";"2";"VAGA (validar tema novo)";"";"";"";"";"";""
"2027-07-06";"2027-07";"3";"VAGA (validar tema novo)";"";"";"";"";"";""
"2027-07-07";"2027-07";"1";"VAGA (validar tema novo)";"";"";"";"";"";""
"2027-07-07";"2027-07";"2";"VAGA (validar tema novo)";"";"";"";"";"";""
"2027-07-07";"2027-07";"3";"VAGA (validar tema novo)";"";"";"";"";"";""
"2027-07-08";"2027-07";"1";"VAGA (validar tema novo)";"";"";"";"";"";""
"2027-07-08";"2027-07";"2";"VAGA (validar tema novo)";"";"";"";"";"";""
"2027-07-08";"2027-07";"3";"VAGA (validar tema novo)";"";"";"";"";"";""
"2027-07-09";"2027-07";"1";"VAGA (validar tema novo)";"";"";"";"";"";""
"2027-07-09";"2027-07";"2";"VAGA (validar tema novo)";"";"";"";"";"";""
"2027-07-09";"2027-07";"3";"VAGA (validar tema novo)";"";"";"";"";"";""
"2027-07-10";"2027-07";"1";"VAGA (validar tema novo)";"";"";"";"";"";""
"2027-07-10";"2027-07";"2";"VAGA (validar tema novo)";"";"";"";"";"";""
"2027-07-10";"2027-07";"3";"VAGA (validar tema novo)";"";"";"";"";"";""
"2027-07-11";"2027-07";"1";"VAGA (validar tema novo)";"";"";"";"";"";""
"2027-07-11";"2027-07";"2";"VAGA (validar tema novo)";"";"";"";"";"";""
"2027-07-11";"2027-07";"3";"VAGA (validar tema novo)";"";"";"";"";"";""
"2027-07-12";"2027-07";"1";"VAGA (validar tema novo)";"";"";"";"";"";""
"2027-07-12";"2027-07";"2";"VAGA (validar tema novo)";"";"";"";"";"";""
"2027-07-12";"2027-07";"3";"VAGA (validar tema novo)";"";"";"";"";"";""
"2027-07-13";"2027-07";"1";"VAGA (validar tema novo)";"";"";"";"";"";""
"2027-07-13";"2027-07";"2";"VAGA (validar tema novo)";"";"";"";"";"";""
"2027-07-13";"2027-07";"3";"VAGA (validar tema novo)";"";"";"";"";"";""
"2027-07-14";"2027-07";"1";"VAGA (validar tema novo)";"";"";"";"";"";""
"2027-07-14";"2027-07";"2";"VAGA (validar tema novo)";"";"";"";"";"";""
"2027-07-14";"2027-07";"3";"VAGA (validar tema novo)";"";"";"";"";"";""
"2027-07-15";"2027-07";"1";"VAGA (validar tema novo)";"";"";"";"";"";""
"2027-07-15";"2027-07";"2";"VAGA (validar tema novo)";"";"";"";"";"";""
"2027-07-15";"2027-07";"3";"VAGA (validar tema novo)";"";"";"";"";"";""
"2027-07-16";"2027-07";"1";"VAGA (validar tema novo)";"";"";"";"";"";""
"2027-07-16";"2027-07";"2";"VAGA (validar tema novo)";"";"";"";"";"";""
"2027-07-16";"2027-07";"3";"VAGA (validar tema novo)";"";"";"";"";"";""
"2027-07-17";"2027-07";"1";"VAGA (validar tema novo)";"";"";"";"";"";""
"2027-07-17";"2027-07";"2";"VAGA (validar tema novo)";"";"";"";"";"";""
"2027-07-17";"2027-07";"3";"VAGA (validar tema novo)";"";"";"";"";"";""
"2027-07-18";"2027-07";"1";"VAGA (validar tema novo)";"";"";"";"";"";""
"2027-07-18";"2027-07";"2";"VAGA (validar tema novo)";"";"";"";"";"";""
"2027-07-18";"2027-07";"3";"VAGA (validar tema novo)";"";"";"";"";"";""
"2027-07-19";"2027-07";"1";"VAGA (validar tema novo)";"";"";"";"";"";""
"2027-07-19";"2027-07";"2";"VAGA (validar tema novo)";"";"";"";"";"";""
"2027-07-19";"2027-07";"3";"VAGA (validar tema novo)";"";"";"";"";"";""
"2027-07-20";"2027-07";"1";"VAGA (validar tema novo)";"";"";"";"";"";""
"2027-07-20";"2027-07";"2";"VAGA (validar tema novo)";"";"";"";"";"";""
"2027-07-20";"2027-07";"3";"VAGA (validar tema novo)";"";"";"";"";"";""
"2027-07-21";"2027-07";"1";"VAGA (validar tema novo)";"";"";"";"";"";""
"2027-07-21";"2027-07";"2";"VAGA (validar tema novo)";"";"";"";"";"";""
"2027-07-21";"2027-07";"3";"VAGA (validar tema novo)";"";"";"";"";"";""
"2027-07-22";"2027-07";"1";"VAGA (validar tema novo)";"";"";"";"";"";""
"2027-07-22";"2027-07";"2";"VAGA (validar tema novo)";"";"";"";"";"";""
"2027-07-22";"2027-07";"3";"VAGA (validar tema novo)";"";"";"";"";"";""
"2027-07-23";"2027-07";"1";"VAGA (validar tema novo)";"";"";"";"";"";""
"2027-07-23";"2027-07";"2";"VAGA (validar tema novo)";"";"";"";"";"";""
"2027-07-23";"2027-07";"3";"VAGA (validar tema novo)";"";"";"";"";"";""
"2027-07-24";"2027-07";"1";"VAGA (validar tema novo)";"";"";"";"";"";""
"2027-07-24";"2027-07";"2";"VAGA (validar tema novo)";"";"";"";"";"";""
"2027-07-24";"2027-07";"3";"VAGA (validar tema novo)";"";"";"";"";"";""
"2027-07-25";"2027-07";"1";"VAGA (validar tema novo)";"";"";"";"";"";""
"2027-07-25";"2027-07";"2";"VAGA (validar tema novo)";"";"";"";"";"";""
"2027-07-25";"2027-07";"3";"VAGA (validar tema novo)";"";"";"";"";"";""
"2027-07-26";"2027-07";"1";"VAGA (validar tema novo)";"";"";"";"";"";""
"2027-07-26";"2027-07";"2";"VAGA (validar tema novo)";"";"";"";"";"";""
"2027-07-26";"2027-07";"3";"VAGA (validar tema novo)";"";"";"";"";"";""
"2027-07-27";"2027-07";"1";"VAGA (validar tema novo)";"";"";"";"";"";""
"2027-07-27";"2027-07";"2";"VAGA (validar tema novo)";"";"";"";"";"";""
"2027-07-27";"2027-07";"3";"VAGA (validar tema novo)";"";"";"";"";"";""
"2027-07-28";"2027-07";"1";"VAGA (validar tema novo)";"";"";"";"";"";""
"2027-07-28";"2027-07";"2";"VAGA (validar tema novo)";"";"";"";"";"";""
"2027-07-28";"2027-07";"3";"VAGA (validar tema novo)";"";"";"";"";"";""
"2027-07-29";"2027-07";"1";"VAGA (validar tema novo)";"";"";"";"";"";""
"2027-07-29";"2027-07";"2";"VAGA (validar tema novo)";"";"";"";"";"";""
"2027-07-29";"2027-07";"3";"VAGA (validar tema novo)";"";"";"";"";"";""
"2027-07-30";"2027-07";"1";"VAGA (validar tema novo)";"";"";"";"";"";""
"2027-07-30";"2027-07";"2";"VAGA (validar tema novo)";"";"";"";"";"";""
"2027-07-30";"2027-07";"3";"VAGA (validar tema novo)";"";"";"";"";"";""
"2027-07-31";"2027-07";"1";"VAGA (validar tema novo)";"";"";"";"";"";""
"2027-07-31";"2027-07";"2";"VAGA (validar tema novo)";"";"";"";"";"";""
"2027-07-31";"2027-07";"3";"VAGA (validar tema novo)";"";"";"";"";"";""
"2027-08-01";"2027-08";"1";"VAGA (validar tema novo)";"";"";"";"";"";""
"2027-08-01";"2027-08";"2";"VAGA (validar tema novo)";"";"";"";"";"";""
"2027-08-01";"2027-08";"3";"VAGA (validar tema novo)";"";"";"";"";"";""
"2027-08-02";"2027-08";"1";"VAGA (validar tema novo)";"";"";"";"";"";""
"2027-08-02";"2027-08";"2";"VAGA (validar tema novo)";"";"";"";"";"";""
"2027-08-02";"2027-08";"3";"VAGA (validar tema novo)";"";"";"";"";"";""
"2027-08-03";"2027-08";"1";"VAGA (validar tema novo)";"";"";"";"";"";""
"2027-08-03";"2027-08";"2";"VAGA (validar tema novo)";"";"";"";"";"";""
"2027-08-03";"2027-08";"3";"VAGA (validar tema novo)";"";"";"";"";"";""
"2027-08-04";"2027-08";"1";"VAGA (validar tema novo)";"";"";"";"";"";""
"2027-08-04";"2027-08";"2";"VAGA (validar tema novo)";"";"";"";"";"";""
"2027-08-04";"2027-08";"3";"VAGA (validar tema novo)";"";"";"";"";"";""
"2027-08-05";"2027-08";"1";"VAGA (validar tema novo)";"";"";"";"";"";""
"2027-08-05";"2027-08";"2";"VAGA (validar tema novo)";"";"";"";"";"";""
"2027-08-05";"2027-08";"3";"VAGA (validar tema novo)";"";"";"";"";"";""
"2027-08-06";"2027-08";"1";"VAGA (validar tema novo)";"";"";"";"";"";""
"2027-08-06";"2027-08";"2";"VAGA (validar tema novo)";"";"";"";"";"";""
"2027-08-06";"2027-08";"3";"VAGA (validar tema novo)";"";"";"";"";"";""
"2027-08-07";"2027-08";"1";"VAGA (validar tema novo)";"";"";"";"";"";""
"2027-08-07";"2027-08";"2";"VAGA (validar tema novo)";"";"";"";"";"";""
"2027-08-07";"2027-08";"3";"VAGA (validar tema novo)";"";"";"";"";"";""
"2027-08-08";"2027-08";"1";"VAGA (validar tema novo)";"";"";"";"";"";""
"2027-08-08";"2027-08";"2";"VAGA (validar tema novo)";"";"";"";"";"";""
"2027-08-08";"2027-08";"3";"VAGA (validar tema novo)";"";"";"";"";"";""
"2027-08-09";"2027-08";"1";"VAGA (validar tema novo)";"";"";"";"";"";""
"2027-08-09";"2027-08";"2";"VAGA (validar tema novo)";"";"";"";"";"";""
"2027-08-09";"2027-08";"3";"VAGA (validar tema novo)";"";"";"";"";"";""
"2027-08-10";"2027-08";"1";"VAGA (validar tema novo)";"";"";"";"";"";""
"2027-08-10";"2027-08";"2";"VAGA (validar tema novo)";"";"";"";"";"";""
"2027-08-10";"2027-08";"3";"VAGA (validar tema novo)";"";"";"";"";"";""
"2027-08-11";"2027-08";"1";"VAGA (validar tema novo)";"";"";"";"";"";""
"2027-08-11";"2027-08";"2";"VAGA (validar tema novo)";"";"";"";"";"";""
"2027-08-11";"2027-08";"3";"VAGA (validar tema novo)";"";"";"";"";"";""
"2027-08-12";"2027-08";"1";"VAGA (validar tema novo)";"";"";"";"";"";""
"2027-08-12";"2027-08";"2";"VAGA (validar tema novo)";"";"";"";"";"";""
"2027-08-12";"2027-08";"3";"VAGA (validar tema novo)";"";"";"";"";"";""
"2027-08-13";"2027-08";"1";"VAGA (validar tema novo)";"";"";"";"";"";""
"2027-08-13";"2027-08";"2";"VAGA (validar tema novo)";"";"";"";"";"";""
"2027-08-13";"2027-08";"3";"VAGA (validar tema novo)";"";"";"";"";"";""
"2027-08-14";"2027-08";"1";"VAGA (validar tema novo)";"";"";"";"";"";""
"2027-08-14";"2027-08";"2";"VAGA (validar tema novo)";"";"";"";"";"";""
"2027-08-14";"2027-08";"3";"VAGA (validar tema novo)";"";"";"";"";"";""
"2027-08-15";"2027-08";"1";"VAGA (validar tema novo)";"";"";"";"";"";""
"2027-08-15";"2027-08";"2";"VAGA (validar tema novo)";"";"";"";"";"";""
"2027-08-15";"2027-08";"3";"VAGA (validar tema novo)";"";"";"";"";"";""
"2027-08-16";"2027-08";"1";"VAGA (validar tema novo)";"";"";"";"";"";""
"2027-08-16";"2027-08";"2";"VAGA (validar tema novo)";"";"";"";"";"";""
"2027-08-16";"2027-08";"3";"VAGA (validar tema novo)";"";"";"";"";"";""
"2027-08-17";"2027-08";"1";"VAGA (validar tema novo)";"";"";"";"";"";""
"2027-08-17";"2027-08";"2";"VAGA (validar tema novo)";"";"";"";"";"";""
"2027-08-17";"2027-08";"3";"VAGA (validar tema novo)";"";"";"";"";"";""
"2027-08-18";"2027-08";"1";"VAGA (validar tema novo)";"";"";"";"";"";""
"2027-08-18";"2027-08";"2";"VAGA (validar tema novo)";"";"";"";"";"";""
"2027-08-18";"2027-08";"3";"VAGA (validar tema novo)";"";"";"";"";"";""
"2027-08-19";"2027-08";"1";"VAGA (validar tema novo)";"";"";"";"";"";""
"2027-08-19";"2027-08";"2";"VAGA (validar tema novo)";"";"";"";"";"";""
"2027-08-19";"2027-08";"3";"VAGA (validar tema novo)";"";"";"";"";"";""
"2027-08-20";"2027-08";"1";"VAGA (validar tema novo)";"";"";"";"";"";""
"2027-08-20";"2027-08";"2";"VAGA (validar tema novo)";"";"";"";"";"";""
"2027-08-20";"2027-08";"3";"VAGA (validar tema novo)";"";"";"";"";"";""
"2027-08-21";"2027-08";"1";"VAGA (validar tema novo)";"";"";"";"";"";""
"2027-08-21";"2027-08";"2";"VAGA (validar tema novo)";"";"";"";"";"";""
"2027-08-21";"2027-08";"3";"VAGA (validar tema novo)";"";"";"";"";"";""
"2027-08-22";"2027-08";"1";"VAGA (validar tema novo)";"";"";"";"";"";""
"2027-08-22";"2027-08";"2";"VAGA (validar tema novo)";"";"";"";"";"";""
"2027-08-22";"2027-08";"3";"VAGA (validar tema novo)";"";"";"";"";"";""
"2027-08-23";"2027-08";"1";"VAGA (validar tema novo)";"";"";"";"";"";""
"2027-08-23";"2027-08";"2";"VAGA (validar tema novo)";"";"";"";"";"";""
"2027-08-23";"2027-08";"3";"VAGA (validar tema novo)";"";"";"";"";"";""
"2027-08-24";"2027-08";"1";"VAGA (validar tema novo)";"";"";"";"";"";""
"2027-08-24";"2027-08";"2";"VAGA (validar tema novo)";"";"";"";"";"";""
"2027-08-24";"2027-08";"3";"VAGA (validar tema novo)";"";"";"";"";"";""
"2027-08-25";"2027-08";"1";"VAGA (validar tema novo)";"";"";"";"";"";""
"2027-08-25";"2027-08";"2";"VAGA (validar tema novo)";"";"";"";"";"";""
"2027-08-25";"2027-08";"3";"VAGA (validar tema novo)";"";"";"";"";"";""
"2027-08-26";"2027-08";"1";"VAGA (validar tema novo)";"";"";"";"";"";""
"2027-08-26";"2027-08";"2";"VAGA (validar tema novo)";"";"";"";"";"";""
"2027-08-26";"2027-08";"3";"VAGA (validar tema novo)";"";"";"";"";"";""
"2027-08-27";"2027-08";"1";"VAGA (validar tema novo)";"";"";"";"";"";""
"2027-08-27";"2027-08";"2";"VAGA (validar tema novo)";"";"";"";"";"";""
"2027-08-27";"2027-08";"3";"VAGA (validar tema novo)";"";"";"";"";"";""
"2027-08-28";"2027-08";"1";"VAGA (validar tema novo)";"";"";"";"";"";""
"2027-08-28";"2027-08";"2";"VAGA (validar tema novo)";"";"";"";"";"";""
"2027-08-28";"2027-08";"3";"VAGA (validar tema novo)";"";"";"";"";"";""
"2027-08-29";"2027-08";"1";"VAGA (validar tema novo)";"";"";"";"";"";""
"2027-08-29";"2027-08";"2";"VAGA (validar tema novo)";"";"";"";"";"";""
"2027-08-29";"2027-08";"3";"VAGA (validar tema novo)";"";"";"";"";"";""
"2027-08-30";"2027-08";"1";"VAGA (validar tema novo)";"";"";"";"";"";""
"2027-08-30";"2027-08";"2";"VAGA (validar tema novo)";"";"";"";"";"";""
"2027-08-30";"2027-08";"3";"VAGA (validar tema novo)";"";"";"";"";"";""
"2027-08-31";"2027-08";"1";"VAGA (validar tema novo)";"";"";"";"";"";""
"2027-08-31";"2027-08";"2";"VAGA (validar tema novo)";"";"";"";"";"";""
"2027-08-31";"2027-08";"3";"VAGA (validar tema novo)";"";"";"";"";"";""
"2027-09-01";"2027-09";"1";"VAGA (validar tema novo)";"";"";"";"";"";""
"2027-09-01";"2027-09";"2";"VAGA (validar tema novo)";"";"";"";"";"";""
"2027-09-01";"2027-09";"3";"VAGA (validar tema novo)";"";"";"";"";"";""
"2027-09-02";"2027-09";"1";"VAGA (validar tema novo)";"";"";"";"";"";""
"2027-09-02";"2027-09";"2";"VAGA (validar tema novo)";"";"";"";"";"";""
"2027-09-02";"2027-09";"3";"VAGA (validar tema novo)";"";"";"";"";"";""
"2027-09-03";"2027-09";"1";"VAGA (validar tema novo)";"";"";"";"";"";""
"2027-09-03";"2027-09";"2";"VAGA (validar tema novo)";"";"";"";"";"";""
"2027-09-03";"2027-09";"3";"VAGA (validar tema novo)";"";"";"";"";"";""
"2027-09-04";"2027-09";"1";"VAGA (validar tema novo)";"";"";"";"";"";""
"2027-09-04";"2027-09";"2";"VAGA (validar tema novo)";"";"";"";"";"";""
"2027-09-04";"2027-09";"3";"VAGA (validar tema novo)";"";"";"";"";"";""
"2027-09-05";"2027-09";"1";"VAGA (validar tema novo)";"";"";"";"";"";""
"2027-09-05";"2027-09";"2";"VAGA (validar tema novo)";"";"";"";"";"";""
"2027-09-05";"2027-09";"3";"VAGA (validar tema novo)";"";"";"";"";"";""
"2027-09-06";"2027-09";"1";"VAGA (validar tema novo)";"";"";"";"";"";""
"2027-09-06";"2027-09";"2";"VAGA (validar tema novo)";"";"";"";"";"";""
"2027-09-06";"2027-09";"3";"VAGA (validar tema novo)";"";"";"";"";"";""
"2027-09-07";"2027-09";"1";"VAGA (validar tema novo)";"";"";"";"";"";""
"2027-09-07";"2027-09";"2";"VAGA (validar tema novo)";"";"";"";"";"";""
"2027-09-07";"2027-09";"3";"VAGA (validar tema novo)";"";"";"";"";"";""
"2027-09-08";"2027-09";"1";"VAGA (validar tema novo)";"";"";"";"";"";""
"2027-09-08";"2027-09";"2";"VAGA (validar tema novo)";"";"";"";"";"";""
"2027-09-08";"2027-09";"3";"VAGA (validar tema novo)";"";"";"";"";"";""
"2027-09-09";"2027-09";"1";"VAGA (validar tema novo)";"";"";"";"";"";""
"2027-09-09";"2027-09";"2";"VAGA (validar tema novo)";"";"";"";"";"";""
"2027-09-09";"2027-09";"3";"VAGA (validar tema novo)";"";"";"";"";"";""
"2027-09-10";"2027-09";"1";"VAGA (validar tema novo)";"";"";"";"";"";""
"2027-09-10";"2027-09";"2";"VAGA (validar tema novo)";"";"";"";"";"";""
"2027-09-10";"2027-09";"3";"VAGA (validar tema novo)";"";"";"";"";"";""
"2027-09-11";"2027-09";"1";"VAGA (validar tema novo)";"";"";"";"";"";""
"2027-09-11";"2027-09";"2";"VAGA (validar tema novo)";"";"";"";"";"";""
"2027-09-11";"2027-09";"3";"VAGA (validar tema novo)";"";"";"";"";"";""
"2027-09-12";"2027-09";"1";"VAGA (validar tema novo)";"";"";"";"";"";""
"2027-09-12";"2027-09";"2";"VAGA (validar tema novo)";"";"";"";"";"";""
"2027-09-12";"2027-09";"3";"VAGA (validar tema novo)";"";"";"";"";"";""
"2027-09-13";"2027-09";"1";"VAGA (validar tema novo)";"";"";"";"";"";""
"2027-09-13";"2027-09";"2";"VAGA (validar tema novo)";"";"";"";"";"";""
"2027-09-13";"2027-09";"3";"VAGA (validar tema novo)";"";"";"";"";"";""
"2027-09-14";"2027-09";"1";"VAGA (validar tema novo)";"";"";"";"";"";""
"2027-09-14";"2027-09";"2";"VAGA (validar tema novo)";"";"";"";"";"";""
"2027-09-14";"2027-09";"3";"VAGA (validar tema novo)";"";"";"";"";"";""
"2027-09-15";"2027-09";"1";"VAGA (validar tema novo)";"";"";"";"";"";""
"2027-09-15";"2027-09";"2";"VAGA (validar tema novo)";"";"";"";"";"";""
"2027-09-15";"2027-09";"3";"VAGA (validar tema novo)";"";"";"";"";"";""
"2027-09-16";"2027-09";"1";"VAGA (validar tema novo)";"";"";"";"";"";""
"2027-09-16";"2027-09";"2";"VAGA (validar tema novo)";"";"";"";"";"";""
"2027-09-16";"2027-09";"3";"VAGA (validar tema novo)";"";"";"";"";"";""
"2027-09-17";"2027-09";"1";"VAGA (validar tema novo)";"";"";"";"";"";""
"2027-09-17";"2027-09";"2";"VAGA (validar tema novo)";"";"";"";"";"";""
"2027-09-17";"2027-09";"3";"VAGA (validar tema novo)";"";"";"";"";"";""
"2027-09-18";"2027-09";"1";"VAGA (validar tema novo)";"";"";"";"";"";""
"2027-09-18";"2027-09";"2";"VAGA (validar tema novo)";"";"";"";"";"";""
"2027-09-18";"2027-09";"3";"VAGA (validar tema novo)";"";"";"";"";"";""
"2027-09-19";"2027-09";"1";"VAGA (validar tema novo)";"";"";"";"";"";""
"2027-09-19";"2027-09";"2";"VAGA (validar tema novo)";"";"";"";"";"";""
"2027-09-19";"2027-09";"3";"VAGA (validar tema novo)";"";"";"";"";"";""
"2027-09-20";"2027-09";"1";"VAGA (validar tema novo)";"";"";"";"";"";""
"2027-09-20";"2027-09";"2";"VAGA (validar tema novo)";"";"";"";"";"";""
"2027-09-20";"2027-09";"3";"VAGA (validar tema novo)";"";"";"";"";"";""
"2027-09-21";"2027-09";"1";"VAGA (validar tema novo)";"";"";"";"";"";""
"2027-09-21";"2027-09";"2";"VAGA (validar tema novo)";"";"";"";"";"";""
"2027-09-21";"2027-09";"3";"VAGA (validar tema novo)";"";"";"";"";"";""
"2027-09-22";"2027-09";"1";"VAGA (validar tema novo)";"";"";"";"";"";""
"2027-09-22";"2027-09";"2";"VAGA (validar tema novo)";"";"";"";"";"";""
"2027-09-22";"2027-09";"3";"VAGA (validar tema novo)";"";"";"";"";"";""
"2027-09-23";"2027-09";"1";"VAGA (validar tema novo)";"";"";"";"";"";""
"2027-09-23";"2027-09";"2";"VAGA (validar tema novo)";"";"";"";"";"";""
"2027-09-23";"2027-09";"3";"VAGA (validar tema novo)";"";"";"";"";"";""
"2027-09-24";"2027-09";"1";"VAGA (validar tema novo)";"";"";"";"";"";""
"2027-09-24";"2027-09";"2";"VAGA (validar tema novo)";"";"";"";"";"";""
"2027-09-24";"2027-09";"3";"VAGA (validar tema novo)";"";"";"";"";"";""
"2027-09-25";"2027-09";"1";"VAGA (validar tema novo)";"";"";"";"";"";""
"2027-09-25";"2027-09";"2";"VAGA (validar tema novo)";"";"";"";"";"";""
"2027-09-25";"2027-09";"3";"VAGA (validar tema novo)";"";"";"";"";"";""
"2027-09-26";"2027-09";"1";"VAGA (validar tema novo)";"";"";"";"";"";""
"2027-09-26";"2027-09";"2";"VAGA (validar tema novo)";"";"";"";"";"";""
"2027-09-26";"2027-09";"3";"VAGA (validar tema novo)";"";"";"";"";"";""
"2027-09-27";"2027-09";"1";"VAGA (validar tema novo)";"";"";"";"";"";""
"2027-09-27";"2027-09";"2";"VAGA (validar tema novo)";"";"";"";"";"";""
"2027-09-27";"2027-09";"3";"VAGA (validar tema novo)";"";"";"";"";"";""
"2027-09-28";"2027-09";"1";"VAGA (validar tema novo)";"";"";"";"";"";""
"2027-09-28";"2027-09";"2";"VAGA (validar tema novo)";"";"";"";"";"";""
"2027-09-28";"2027-09";"3";"VAGA (validar tema novo)";"";"";"";"";"";""
"2027-09-29";"2027-09";"1";"VAGA (validar tema novo)";"";"";"";"";"";""
"2027-09-29";"2027-09";"2";"VAGA (validar tema novo)";"";"";"";"";"";""
"2027-09-29";"2027-09";"3";"VAGA (validar tema novo)";"";"";"";"";"";""
"2027-09-30";"2027-09";"1";"VAGA (validar tema novo)";"";"";"";"";"";""
"2027-09-30";"2027-09";"2";"VAGA (validar tema novo)";"";"";"";"";"";""
"2027-09-30";"2027-09";"3";"VAGA (validar tema novo)";"";"";"";"";"";""
"2027-10-01";"2027-10";"1";"VAGA (validar tema novo)";"";"";"";"";"";""
"2027-10-01";"2027-10";"2";"VAGA (validar tema novo)";"";"";"";"";"";""
"2027-10-01";"2027-10";"3";"VAGA (validar tema novo)";"";"";"";"";"";""
"2027-10-02";"2027-10";"1";"VAGA (validar tema novo)";"";"";"";"";"";""
"2027-10-02";"2027-10";"2";"VAGA (validar tema novo)";"";"";"";"";"";""
"2027-10-02";"2027-10";"3";"VAGA (validar tema novo)";"";"";"";"";"";""
"2027-10-03";"2027-10";"1";"VAGA (validar tema novo)";"";"";"";"";"";""
"2027-10-03";"2027-10";"2";"VAGA (validar tema novo)";"";"";"";"";"";""
"2027-10-03";"2027-10";"3";"VAGA (validar tema novo)";"";"";"";"";"";""
"2027-10-04";"2027-10";"1";"VAGA (validar tema novo)";"";"";"";"";"";""
"2027-10-04";"2027-10";"2";"VAGA (validar tema novo)";"";"";"";"";"";""
"2027-10-04";"2027-10";"3";"VAGA (validar tema novo)";"";"";"";"";"";""
"2027-10-05";"2027-10";"1";"VAGA (validar tema novo)";"";"";"";"";"";""
"2027-10-05";"2027-10";"2";"VAGA (validar tema novo)";"";"";"";"";"";""
"2027-10-05";"2027-10";"3";"VAGA (validar tema novo)";"";"";"";"";"";""
