grupo;tema;palavra_chave;buscas_mes_exato;concorrencia_ads;tendencia;status_artigo;nota_auditoria;sensivel_revisao;google_checado;produzir_amanha_sugerido;origem;dificuldade_google;autoridades_top5;concorrente_1_url;concorrente_1_palavras;mediana_palavras_topo;h2_comuns_no_topo;perguntas_do_google;lacunas_do_topo;termos_usados_pelo_topo;concorrentes_detalhe;urls_topo_google;nivel;visitas_mes_se_pagina1_3pct;visitas_mes_se_top3_18pct;tipo;qtd_long_tails;volume_somado_long_tails;long_tails_com_volume
"1 validada + artigo";"Coração e colesterol";"como baixar colesterol";"14800";"LOW";"";"no ar";"100";"sim";"";"";"colesterol-depois-dos-40";"";"";"";"";"";"";"";"";"";"";"";"pilar";"444";"2664";"long tail";"0";"";""
"1 validada + artigo";"Alimentação e peso";"quanto de proteína por dia";"5400";"LOW";"";"no ar";"83";"";"";"";"proteina-mulheres-40";"";"";"";"";"";"";"";"";"";"";"";"pilar";"162";"972";"long tail";"0";"";""
"1 validada + artigo";"Saúde geral";"como meditar";"4400";"LOW";"";"no ar";"89";"";"";"";"meditacao-ansiedade-40";"";"";"";"";"";"";"";"";"";"";"";"media";"132";"792";"media (2 palavras)";"0";"";""
"1 validada + artigo";"Coração e colesterol";"triglicerídeos altos sintomas";"14800";"LOW";"";"no ar";"96";"";"";"";"triglicerideos-altos-sintomas";"";"";"";"";"";"";"";"";"";"";"";"pilar";"444";"2664";"long tail";"0";"";""
"1 validada + artigo";"Saúde geral";"o que é gordura visceral";"8100";"LOW";"estável";"no ar";"98";"";"";"";"o-que-e-gordura-visceral";"";"";"";"";"";"";"";"";"";"";"";"pilar";"243";"1458";"long tail";"14";"14170";"gordura visceral como eliminar (4400) | gordura visceral como perder (4400) | gordura visceral ideal (2900) | gordura visceral onde fica (480) | gordura visceral e subcutanea (320) | diminuir gordura visceral (210) | bioimpedancia gordura visceral (210) | gordura abdominal visceral (210) | gordura visceral alta (210) | gordura visceral feminina (210)"
"1 validada + artigo";"Mulher e menopausa";"o que é perimenopausa";"8100";"LOW";"";"no ar";"87";"";"";"";"o-que-e-perimenopausa";"";"";"";"";"";"";"";"";"";"";"";"pilar";"243";"1458";"media (2 palavras)";"0";"";""
"1 validada + artigo";"Diabetes e exames";"o que é resistência à insulina";"6600";"LOW";"";"no ar";"93";"sim";"";"";"o-que-e-resistencia-a-insulina";"";"";"";"";"";"";"";"";"";"";"";"pilar";"198";"1188";"long tail";"2";"1200";"manchas de resistencia a insulina (880) | medicamento para resistencia insulina (320)"
"1 validada + artigo";"Diabetes e exames";"hemoglobina glicada";"135000";"LOW";"";"no ar";"85";"";"sim";"";"hemoglobina-glicada";"FÁCIL";"";"https://www.biolabor.com.br/exame/hemoglobina-glicada-hba1c/";"";"";"";"Qual o valor normal da hemoglobina glicosilada? | Quando a hemoglobina glicada é perigosa? | O que significa hemoglobina glicosilada alta? | Qual a diferença entre hemoglobina glicada e glicose?";"";"";"";"https://www.biolabor.com.br/exame/hemoglobina-glicada-hba1c/ | https://www.ident.com.br/ia/pergunta/226596-a-hemoglobina-glicosilada-a1c-hba1c-e-uma-ferramenta | https://www.doctoralia.com.br/perguntas-respostas/qual-o-valor-maximo-encontrado-no-teste-de-hemoglobina-glicosilada-em-um-diabetico | https://laboratorioarycosta.com.br/exames/detalhe/619 | https://www.lafelab.com.br/exames/hemoglobina-glicada-por-imunoensaio-sangue-total | https://www.rededorsaoluiz.com.br/exames-e-procedimentos/analises-clinicas/hemoglobina-glicosilada | https://nav.dasa.com.br/blog/hemoglobina-glicada";"pilar";"4050";"24300";"media (2 palavras)";"0";"";""
"1 validada + artigo";"Visão e audição";"labirintite";"110000";"LOW";"";"no ar";"100";"";"";"";"labirintite";"";"";"";"";"";"";"";"";"";"";"";"pilar";"3300";"19800";"cabeca";"0";"";""
"1 validada + artigo";"Digestão e fígado";"gordura no fígado";"90500";"LOW";"";"no ar";"87";"";"";"";"gordura-no-figado";"";"";"";"";"";"";"";"";"";"";"";"pilar";"2715";"16290";"media (2 palavras)";"0";"";""
"1 validada + artigo";"Coluna e dor nas costas";"dores lombares";"74000";"LOW";"";"estoque";"98";"";"";"";"dores-lombares";"";"";"";"";"";"";"";"";"";"";"";"pilar";"2220";"13320";"media (2 palavras)";"0";"";""
"1 validada + artigo";"Diabetes e exames";"sintomas de diabetes";"60500";"LOW";"";"estoque";"95";"sim";"";"";"sintomas-de-diabetes";"";"";"";"";"";"";"";"";"";"";"";"pilar";"1815";"10890";"media (2 palavras)";"0";"";""
"1 validada + artigo";"Hormônios e tireoide";"cortisol alto";"60500";"LOW";"";"estoque";"93";"";"";"";"cortisol-alto";"";"";"";"";"";"";"";"";"";"";"";"pilar";"1815";"10890";"media (2 palavras)";"0";"";""
"1 validada + artigo";"Digestão e fígado";"azia";"49500";"LOW";"";"estoque";"88";"";"";"";"azia";"";"";"";"";"";"";"";"";"";"";"";"pilar";"1485";"8910";"cabeca";"0";"";""
"1 validada + artigo";"Coração e colesterol";"varizes";"49500";"LOW";"";"estoque";"98";"";"";"";"varizes";"";"";"";"";"";"";"";"";"";"";"";"pilar";"1485";"8910";"cabeca";"0";"";""
"1 validada + artigo";"Coluna e dor nas costas";"dor nas costas";"49500";"LOW";"";"estoque";"85";"";"";"";"dor-nas-costas";"";"";"";"";"";"";"";"";"";"";"";"pilar";"1485";"8910";"long tail";"0";"";""
"1 validada + artigo";"Alimentação e peso";"alimentos ricos em fibras";"49500";"LOW";"";"estoque";"92";"";"sim";"";"alimentos-ricos-em-fibras";"MÉDIA-FÁCIL";"diabetes.org.br";"https://diabetes.org.br/fibras-alimentares-o-que-e-importante-saber/";"";"";"";"O que comer para melhorar a dor no joelho? | Qual a melhor fibra para diabetes? | Quais são as fibras insolúveis? | O que as fibras fazem no intestino?";"";"";"";"https://diabetes.org.br/fibras-alimentares-o-que-e-importante-saber/ | https://panelinhafit.com.br/blog/alimentos-ricos-em-fibra-e-suas-vantagens | https://www.enterogermina.com/pt-br/saude-intestinal/dicas-gerais-bem-estar/fibras-alimentares | https://www.tuasaude.com/frutas-ricas-em-fibras/ | https://www.mahta.bio/blogs/mahta/10-alimentos-ricos-em-fibras-para-melhorar-a-digestao | https://prodietnutrition.com/blog/hora-do-lanche-alimentos-ricos-fibras-para-levar-na-bolsa/";"pilar";"1485";"8910";"long tail";"0";"";""
"1 validada + artigo";"Sono";"insônia";"40500";"LOW";"";"estoque";"92";"";"";"";"insonia";"";"";"";"";"";"";"";"";"";"";"";"pilar";"1215";"7290";"cabeca";"4";"8490";"insônia causas (3600) | chá para insônia (2400) | insônia o que fazer (1900) | insônia e menopausa (590)"
"1 validada + artigo";"Sono";"ritmo circadiano";"40500";"LOW";"";"estoque";"90";"";"sim";"";"ritmo-circadiano";"MÉDIA-FÁCIL";"msdmanuals.com";"https://pt.wikipedia.org/wiki/Ritmo_circadiano";"";"";"";"Como regular o ritmo circadiano? | O que acontece quando o ciclo circadiano está desregulado? | Como saber o meu ciclo circadiano? | O que é ritmo circadiano e como funciona?";"";"";"";"https://pt.wikipedia.org/wiki/Ritmo_circadiano | https://www.msdmanuals.com/pt/casa/dist%C3%BArbios-cerebrais-da-medula-espinal-e-dos-nervos/dist%C3%BArbios-do-sono/dist%C3%BArbios-do-sono-ligados-ao-ritmo-circadiano | https://www.tuasaude.com/ciclo-circadino/ | https://medicina.afya.com.br/blog/ciclo-circadiano-desempenho-nos-estudos | https://www.bbc.com/portuguese/geral-61548390 | https://www.unimedcampinas.com.br/blog/cuidado-continuo/o-que-e-ciclo-circadiano-e-qual-sua-importancia-na-saude";"pilar";"1215";"7290";"media (2 palavras)";"0";"";""
"1 validada + artigo";"Hormônios e tireoide";"andropausa";"39200";"LOW";"";"estoque";"100";"";"";"";"andropausa";"";"";"";"";"";"";"";"";"";"";"";"pilar";"1176";"7056";"cabeca";"0";"";""
"1 validada + artigo";"Digestão e fígado";"barriga inchada";"33100";"LOW";"";"estoque";"88";"";"";"";"barriga-inchada";"";"";"";"";"";"";"";"";"";"";"";"pilar";"993";"5958";"media (2 palavras)";"0";"";""
"1 validada + artigo";"Digestão e fígado";"prisão de ventre";"33100";"LOW";"estável";"estoque";"84";"";"";"";"prisao-de-ventre";"";"";"";"";"";"";"";"";"";"";"";"pilar";"993";"5958";"media (2 palavras)";"9";"11900";"oq é prisão de ventre (8100) | laxantes para prisão de ventre (880) | bebe com prisão de ventre (720) | prisão de ventre causas (590) | alimentação para prisão de ventre (590) | prisão de ventre como resolver (480) | oq é bom para prisão de ventre (320) | prisão de ventre infantil (110) | alimentação para quem tem prisão de ventre (110)"
"1 validada + artigo";"Digestão e fígado";"síndrome do intestino irritável";"33100";"MEDIUM";"";"estoque";"94";"";"";"";"sindrome-do-intestino-irritavel";"";"";"";"";"";"";"";"";"";"";"";"pilar";"993";"5958";"long tail";"0";"";""
"1 validada + artigo";"Diabetes e exames";"glicemia normal";"27100";"LOW";"";"estoque";"91";"";"";"";"glicemia-normal";"";"";"";"";"";"";"";"";"";"";"";"pilar";"813";"4878";"media (2 palavras)";"0";"";""
"1 validada + artigo";"Coração e colesterol";"inchaço nas pernas";"22200";"LOW";"";"estoque";"100";"";"";"";"inchaco-nas-pernas";"";"";"";"";"";"";"";"";"";"";"";"pilar";"666";"3996";"long tail";"0";"";""
"1 validada + artigo";"Visão e audição";"moscas volantes";"22200";"LOW";"";"estoque";"83";"";"";"";"moscas-volantes";"";"";"";"";"";"";"";"";"";"";"";"pilar";"666";"3996";"media (2 palavras)";"0";"";""
"1 validada + artigo";"Alimentação e peso";"alimentos ricos em ferro";"40500";"LOW";"";"estoque";"98";"";"sim";"";"alimentos-ricos-em-ferro";"FÁCIL";"";"https://menshealth.pt/5810816185/7-alimentos-ricos-em-ferro/";"";"";"";"Como subir ferro rápido? | Qual é a fruta que tem bastante ferro? | Qual suco é rico em ferro? | Qual é o legume com mais ferro?";"";"";"";"https://menshealth.pt/5810816185/7-alimentos-ricos-em-ferro/ | https://claudia.abril.com.br/saude/10-alimentos-ricos-em-ferro-para-turbinar-seu-cardapio/ | https://oantagonista.com.br/ladooa/variedades/11-alimentos-ricos-em-ferro-para-aumentar-a-imunidade-e-a-disposicao/ | https://www.celeiro.pt/cuide-de-si/temas-de-saude/alimentos-ricos-em-ferro | https://comida.umcomo.com.br/artigo/receitas-ricas-em-ferro-20207.html | https://www.tuasaude.com/alimentos-ricos-em-ferro/";"pilar";"1215";"7290";"long tail";"0";"";""
"1 validada + artigo";"Próstata e vias urinárias";"noctúria";"22200";"LOW";"";"estoque";"92";"";"";"";"nocturia";"";"";"";"";"";"";"";"";"";"";"";"pilar";"666";"3996";"cabeca";"0";"";""
"1 validada + artigo";"Cabelo";"queda de cabelo";"22200";"HIGH";"estável";"estoque";"96";"";"";"";"queda-de-cabelo";"";"";"";"";"";"";"";"";"";"";"";"pilar";"666";"3996";"media (2 palavras)";"166";"182760";"vitamina para queda de cabelo (33100) | oque e bom para queda de cabelo (12100) | queda de cabelo o que pode ser (8100) | queda de cabelo causas (7200) | melhor vitamina para queda de cabelo (6600) | melhores vitaminas para queda de cabelo (6600) | melhor shampoo para queda de cabelo (5400) | vitaminas para queda de cabelo feminino (5400) | tônico para queda de cabelo (3600) | suplemento para queda de cabelo (3600)"
"1 validada + artigo";"Visão e audição";"presbiopia";"18100";"LOW";"";"estoque";"90";"";"";"";"presbiopia";"";"";"";"";"";"";"";"";"";"";"";"pilar";"543";"3258";"cabeca";"0";"";""
"1 validada + artigo";"Pele";"manchas na pele";"18100";"LOW";"";"estoque";"83";"";"";"";"manchas-na-pele";"";"";"";"";"";"";"";"";"";"";"";"pilar";"543";"3258";"media (2 palavras)";"1";"390";"pele com manchas (390)"
"1 validada + artigo";"Mulher e menopausa";"o que é menopausa";"14800";"LOW";"";"estoque";"81";"";"";"";"o-que-e-menopausa";"";"";"";"";"";"";"";"";"";"";"";"pilar";"444";"2664";"media (2 palavras)";"20";"42200";"com quantos anos a mulher entra na menopausa (16300) | menopausa precoce (12100) | pré menopausa (6600) | alimentos para menopausa (1000) | fogacho menopausa (1000) | emagrecer na menopausa (720) | queda de cabelo na menopausa (720) | remédio para emagrecer na menopausa (590) | insônia e menopausa (590) | vitamina para queda de cabelo na menopausa (390)"
"1 validada + artigo";"Alimentação e peso";"vitamina d baixa sintomas";"12100";"LOW";"";"estoque";"84";"";"";"";"vitamina-d-baixa-sintomas";"";"";"";"";"";"";"";"";"";"";"";"pilar";"363";"2178";"long tail";"0";"";""
"1 validada + artigo";"Mente e memória";"como controlar a ansiedade";"12100";"MEDIUM";"";"estoque";"95";"";"";"";"como-controlar-a-ansiedade";"";"";"";"";"";"";"";"";"";"";"";"pilar";"363";"2178";"long tail";"0";"";""
"1 validada + artigo";"Alimentação e peso";"lanche saudável";"12100";"MEDIUM";"estável";"estoque";"91";"";"";"";"lanche-saudavel";"";"";"";"";"";"";"";"";"";"";"";"pilar";"363";"2178";"media (2 palavras)";"6";"15130";"lanche da tarde saudavel (6600) | lanche saudavel para criança (3600) | lanche saudavel escola (2900) | lanche saudável para substituir o jantar (720) | lanche escolar saudável (720) | opções de lanche da tarde saudável (590)"
"1 validada + artigo";"Cabelo";"cabelos brancos";"12100";"LOW";"estável";"estoque";"87";"";"";"";"cabelos-brancos";"";"";"";"";"";"";"";"";"";"";"";"pilar";"363";"2178";"media (2 palavras)";"11";"4060";"cabelo branco masculino (1300) | pintar cabelo branco (480) | por que o cabelo fica branco (480) | estresse causa cabelo branco (390) | cabelo branco volta a ficar preto naturalmente (320) | henna cobre cabelo branco (260) | tratamento para cabelos brancos (260) | como cobrir cabelo branco sem tinta (210) | como cuidar dos cabelos brancos (140) | cabelo branco aos 20 anos (110)"
"1 validada + artigo";"Músculos e movimento";"câimbras nas pernas";"9900";"LOW";"";"estoque";"100";"";"";"";"caimbras-nas-pernas";"";"";"";"";"";"";"";"";"";"";"";"pilar";"297";"1782";"long tail";"0";"";""
"1 validada + artigo";"Visão e audição";"visão embaçada";"9900";"LOW";"";"estoque";"96";"";"";"";"visao-embacada";"";"";"";"";"";"";"";"";"";"";"";"pilar";"297";"1782";"media (2 palavras)";"0";"";""
"1 validada + artigo";"Visão e audição";"tontura ao levantar";"9900";"LOW";"";"estoque";"90";"";"";"";"tontura-ao-levantar";"";"";"";"";"";"";"";"";"";"";"";"pilar";"297";"1782";"long tail";"0";"";""
"1 validada + artigo";"Mulher e menopausa";"suor noturno";"9900";"LOW";"";"estoque";"95";"";"";"";"suor-noturno";"";"";"";"";"";"";"";"";"";"";"";"pilar";"297";"1782";"media (2 palavras)";"0";"";""
"1 validada + artigo";"Mente e memória";"névoa mental";"8100";"LOW";"";"estoque";"96";"";"";"";"nevoa-mental";"";"";"";"";"";"";"";"";"";"";"";"pilar";"243";"1458";"media (2 palavras)";"0";"";""
"1 validada + artigo";"Mulher e menopausa";"fogachos";"6000";"LOW";"";"estoque";"96";"";"";"";"fogachos";"";"";"";"";"";"";"";"";"";"";"";"pilar";"180";"1080";"cabeca";"1";"1000";"fogacho menopausa (1000)"
"1 validada + artigo";"Idosos e longevidade";"exercícios para idosos";"4400";"LOW";"";"estoque";"100";"";"";"";"exercicios-para-idosos";"";"";"";"";"";"";"";"";"";"";"";"media";"132";"792";"media (2 palavras)";"0";"";""
"1 validada + artigo";"Diabetes e exames";"ferro baixo sintomas";"3600";"LOW";"";"estoque";"95";"";"";"";"ferro-baixo-sintomas";"";"";"";"";"";"";"";"";"";"";"";"media";"108";"648";"long tail";"0";"";""
"1 validada + artigo";"Mente e memória";"esquecimento";"3600";"LOW";"";"estoque";"92";"";"";"";"esquecimento";"";"";"";"";"";"";"";"";"";"";"";"media";"108";"648";"cabeca";"0";"";""
"1 validada + artigo";"Idosos e longevidade";"idade metabólica";"3400";"LOW";"";"estoque";"100";"";"";"";"idade-metabolica";"";"";"";"";"";"";"";"";"";"";"";"media";"102";"612";"media (2 palavras)";"0";"";""
"1 validada + artigo";"Músculos e movimento";"sarcopenia";"135000";"LOW";"";"estoque";"98";"";"";"";"sarcopenia";"";"";"";"";"";"";"";"";"";"";"";"pilar";"4050";"24300";"cabeca";"1";"27100";"o que é sarcopenia (27100)"
"1 validada + artigo";"Coração e colesterol";"colesterol hdl";"74000";"LOW";"";"estoque";"96";"sim";"";"";"colesterol-hdl";"";"";"";"";"";"";"";"";"";"";"";"pilar";"2220";"13320";"media (2 palavras)";"0";"";""
"1 validada + artigo";"Coração e colesterol";"colesterol ldl";"74000";"LOW";"";"estoque";"96";"sim";"";"";"colesterol-ldl";"";"";"";"";"";"";"";"";"";"";"";"pilar";"2220";"13320";"media (2 palavras)";"0";"";""
"1 validada + artigo";"Hormônios e tireoide";"hipotireoidismo sintomas";"33100";"LOW";"";"estoque";"94";"";"";"";"hipotireoidismo-sintomas";"";"";"";"";"";"";"";"";"";"";"";"pilar";"993";"5958";"media (2 palavras)";"0";"";""
"1 validada + artigo";"Diabetes e exames";"ferritina alta";"60500";"LOW";"";"estoque";"96";"sim";"";"";"ferritina-alta";"";"";"";"";"";"";"";"";"";"";"";"pilar";"1815";"10890";"media (2 palavras)";"0";"";""
"1 validada + artigo";"Hormônios e tireoide";"tsh alto";"12100";"LOW";"";"estoque";"96";"sim";"";"";"tsh-alto";"";"";"";"";"";"";"";"";"";"";"";"pilar";"363";"2178";"media (2 palavras)";"0";"";""
"1 validada + artigo";"Coração e colesterol";"pressão alta sintomas";"";"";"";"estoque";"87";"sim";"";"";"pressao-alta-sintomas";"";"";"";"";"";"";"";"";"";"";"";"";"";"";"long tail";"0";"";""
"1 validada + artigo";"Próstata e vias urinárias";"próstata aumentada";"18100";"LOW";"";"estoque";"92";"sim";"";"";"prostata-aumentada";"";"";"";"";"";"";"";"";"";"";"";"pilar";"543";"3258";"media (2 palavras)";"0";"";""
"1 validada + artigo";"Diabetes e exames";"ureia alta";"22200";"LOW";"";"estoque";"92";"sim";"";"";"ureia-alta";"";"";"";"";"";"";"";"";"";"";"";"pilar";"666";"3996";"media (2 palavras)";"0";"";""
