data	horario	ordem	arquivo	palavra_chave	status
2026-10-11	09:00	1	02-melatonina.txt	melatonina TITLE: Melatonina: Para Que Serve, Se Vicia,	planejado (não publicado)
2026-10-11	12:00	2	03-whey-protein.txt	whey protein TITLE: Whey Protein: Para Que Serve, Tipos,	planejado (não publicado)
2026-10-11	20:00	3	04-probioticos.txt	probióticos TITLE: Probióticos: Para Que Servem, Como	planejado (não publicado)
2026-10-12	09:00	4	05-jejum-intermitente.txt	jejum intermitente TITLE: Jejum Intermitente: Benefícios,	planejado (não publicado)
2026-10-12	12:00	5	06-colesterol.txt	colesterol TITLE: Colesterol: O Que É, HDL, LDL, Valores	planejado (não publicado)
2026-10-12	20:00	6	07-vitamina-d.txt	vitamina D TITLE: Vitamina D: Para Que Serve, Sintomas de	planejado (não publicado)
2026-10-13	09:00	7	08-vitamina-b12.txt	vitamina B12 TITLE: Vitamina B12: Para Que Serve,	planejado (não publicado)
2026-10-13	12:00	8	09-lanches.txt	lanches saudáveis	planejado (não publicado)
2026-10-13	20:00	9	10-minoxidil.txt	minoxidil TITLE: Minoxidil: Como Funciona, Quando Faz	planejado (não publicado)
2026-10-14	09:00	10	academia-emagrece-a-verdade-sobre-musculacao-e-perda-de-gordura.txt	academia emagrece	planejado (não publicado)
2026-10-14	12:00	11	acantose-nigricans-causas-tratamento-e-manchas-escuras.txt	Acantose Nigricans Causas, Tratamento e Manchas Escuras.html	planejado (não publicado)
2026-10-14	20:00	12	acido-folico-para-que-serve-beneficios-gravidez-efeitos-colaterais-e-queda-de-cabelo.txt	ácido fólico para que serve	planejado (não publicado)
2026-10-15	09:00	13	acido-hialuronico-para-que-serve-beneficios-tipos-como-usar-e-riscos.txt	ácido hialurônico  para que serve	planejado (não publicado)
2026-10-15	12:00	14	acido-salicilico-artigo.txt	acido-salicilico-artigo	planejado (não publicado)
2026-10-15	20:00	15	acido-salicilico-para-que-serve-beneficios-e-como-usar.txt	acido-salicilico-para-que-serve-beneficios-e-como-usar	planejado (não publicado)
2026-10-16	09:00	16	acordar-cansado-causas-e-como-melhorar-o-sono.txt	acordar Cansado Causas e Como Melhorar o Sono.html	planejado (não publicado)
2026-10-16	12:00	17	acucar.txt	açúcar	planejado (não publicado)
2026-10-16	20:00	18	adapaleno-o-que-e-para-que-serve-como-usar-efeitos-e-cuidados.txt	adapaleno o que e para que serve como usar efeitos e cuidado	planejado (não publicado)
2026-10-17	09:00	19	alantoina-para-que-serve-beneficios-e-como-usar-na-pele.txt	alantoína	planejado (não publicado)
2026-10-17	12:00	20	albumina-naturovos-1kg-como-usar-e-evitar-gases.txt	albumina naturovos 1kg	planejado (não publicado)
2026-10-17	20:00	21	albumina-para-que-serve-como-tomar-e-beneficios.txt	albumina suplemento	planejado (não publicado)
2026-10-18	09:00	22	alimentacao-saudavel-na-infancia-guia-pratico.txt	alimentação saudável criança	planejado (não publicado)
2026-10-18	12:00	23	alimentacao-sem-lactose-e-gluten-guia-completo.txt	Alimentação Sem Lactose e Glúten — Guia Completo.html	planejado (não publicado)
2026-10-18	20:00	24	alimentos-para-ganhar-massa-muscular-guia-pratico.txt	alimentos para ganhar massa muscular	planejado (não publicado)
2026-10-19	09:00	25	alimentos-ricos-em-proteina-artigo.txt	alimentos-ricos-em-proteina-artigo	planejado (não publicado)
2026-10-19	12:00	26	alimentos-saudaveis-para-criancas-guia-completo.txt	alimentos saudáveis para crianças	planejado (não publicado)
2026-10-19	20:00	27	alimentos-sem-gluten-e-sem-lactose-guia-pratico.txt	Alimentos Sem Glúten e Sem Lactose — Guia Prático.html	planejado (não publicado)
2026-10-20	09:00	28	alimentos-sem-lactose-lista-substituicoes-e-calcio.txt	alimentos sem lactose	planejado (não publicado)
2026-10-20	12:00	29	alopecia-areata-causas-sintomas-e-tratamentos.txt	alopecia areata	planejado (não publicado)
2026-10-20	20:00	30	alopecia-feminina-causas-tipos-e-tratamentos.txt	alopecia feminina	planejado (não publicado)
2026-10-21	09:00	31	alopecia-na-barba-causas-tratamentos-e-transplante.txt	alopecia na barba	planejado (não publicado)
2026-10-21	12:00	32	alopecia-por-estresse-sintomas-mecanismos-e-controle.txt	Alopecia por Estresse Sintomas, Mecanismos e Controle.html	planejado (não publicado)
2026-10-21	20:00	33	ansiedade-sintomas-fisicos-causas-e-quando-buscar-ajuda.txt	ansiedade	planejado (não publicado)
2026-10-22	09:00	34	argila-verde-para-que-serve-beneficios-e-como-usar.txt	Argila Verde Para Que Serve, Benefícios e Como Usar.html	planejado (não publicado)
2026-10-22	12:00	35	artigo-atemoia-saude40.txt	atemoia	planejado (não publicado)
2026-10-22	20:00	36	artigo-berberina.txt	artigo-berberina	planejado (não publicado)
2026-10-23	09:00	37	artigo-caixa-dagua-saude40.txt	caixa d’água	planejado (não publicado)
2026-10-23	12:00	38	artigo-frutas-exoticas.txt	artigo frutas exoticas	planejado (não publicado)
2026-10-23	20:00	39	artigo-goiaba-final.txt	goiaba	planejado (não publicado)
2026-10-24	09:00	40	artigo-goiaba-v2.txt	goiaba	planejado (não publicado)
2026-10-24	12:00	41	artigo-magnesio-dimalato.txt	artigo-magnesio-dimalato	planejado (não publicado)
2026-10-24	20:00	42	artigo-resveratrol.txt	artigo-resveratrol	planejado (não publicado)
2026-10-25	09:00	43	artigo-seo-andropausa-sintomas-e-queda-da-testosterona.txt	andropausa	planejado (não publicado)
2026-10-25	12:00	44	artigo-toxina-botulinica-botox.txt	artigo-toxina-botulinica-botox	planejado (não publicado)
2026-10-25	20:00	45	artigo-vitamina-b12.txt	artigo-vitamina-b12	planejado (não publicado)
2026-10-26	09:00	46	artigo-vitamina-d3.txt	artigo-vitamina-d3	planejado (não publicado)
2026-10-26	12:00	47	ashwagandha-beneficios-efeitos-e-cuidados.txt	ashwagandha	planejado (não publicado)
2026-10-26	20:00	48	azeite-de-oliva-no-cabelo-beneficios-riscos-e-como-usar.txt	azeite de oliva no cabelo	planejado (não publicado)
2026-10-27	09:00	49	babosa-no-cabelo-5-beneficios-como-usar-e-frequencia.txt	babosa no cabelo	planejado (não publicado)
2026-10-27	12:00	50	babosa-no-cabelo-beneficios-reais-e-riscos-da-aloina.txt	babosa no cabelo	planejado (não publicado)
2026-10-27	20:00	51	babosa-para-queda-de-cabelo-como-usar-e-o-que-funciona.txt	babosa para queda de cabelo	planejado (não publicado)
2026-10-28	09:00	52	bananazinha-cachaca-de-banana-teor-e-como-tomar.txt	bananazinha	planejado (não publicado)
2026-10-28	12:00	53	bebidas-ambev-portfolio-inovacoes-e-tabela-nutricional.txt	bebidas ambev	planejado (não publicado)
2026-10-28	20:00	54	bebidas-artigo.txt	bebidas-artigo	planejado (não publicado)
2026-10-29	09:00	55	beta-alanina-artigo.txt	beta-alanina-artigo	planejado (não publicado)
2026-10-29	12:00	56	beta-alanina-dosagem-parestesia-e-riscos-reais.txt	beta-alanina	planejado (não publicado)
2026-10-29	20:00	57	biotina-comprimido-funcoes-diagnosticos-e-riscos.txt	biotina comprimido	planejado (não publicado)
2026-10-30	09:00	58	biotina-para-que-serve-beneficios-e-cuidados.txt	biotina	planejado (não publicado)
2026-10-30	12:00	59	biotina-para-que-serve-efeitos-e-interferencia-em-exames.txt	biotina	planejado (não publicado)
2026-10-30	20:00	60	biotina-para-que-serve-funcoes-riscos-e-o-que-a-ciencia-mostra.txt	biotina para que serve	planejado (não publicado)
2026-10-31	09:00	61	biotina-valor-precos-dosagens-e-o-que-realmente-vale-a-pena.txt	biotina valor	planejado (não publicado)
2026-10-31	12:00	62	bolinhas-no-couro-cabeludo-o-que-pode-ser-e-como-tratar.txt	bolinhas no couro cabeludo	planejado (não publicado)
2026-10-31	20:00	63	botox-capilar-o-que-e-para-que-serve-beneficios-e-cuidados.txt	botox capilar o que e para que serve beneficios e cuidados	planejado (não publicado)
2026-11-01	09:00	64	cabelo-branco-masculino-cuidados-causas-e-como-disfarcar.txt	cabelo branco masculino	planejado (não publicado)
2026-11-01	12:00	65	cabelo-caindo-muito-o-que-pode-ser-e-como-tratar.txt	cabelo caindo muito	planejado (não publicado)
2026-11-01	20:00	66	cabelo-caindo-o-que-fazer-e-causas-reais.txt	Cabelo Caindo O Que Fazer e Causas Reais.html	planejado (não publicado)
2026-11-02	09:00	67	cabelo-quebrado-como-recuperar-testes-e-cronograma.txt	cabelo quebrado	planejado (não publicado)
2026-11-02	12:00	68	caindo-o-que-fazer-e-causas-reais.txt	Caindo — O Que Fazer e Causas Reais.html	planejado (não publicado)
2026-11-02	20:00	69	calculadora-de-imc-entenda-seu-indice-de-massa-corporal.txt	calculadora de IMC	planejado (não publicado)
2026-11-03	09:00	70	calcular-tabela-nutricional-online-gratis-guia-pratico.txt	calcular tabela nutricional online grátis	planejado (não publicado)
2026-11-03	12:00	71	caloria-dos-alimentos-como-calcular-e-tabela-pratica.txt	caloria dos alimentos	planejado (não publicado)
2026-11-03	20:00	72	calvicie-masculina-tratamentos-efeitos-e-resultados.txt	calvície masculina	planejado (não publicado)
2026-11-04	09:00	73	cancer-de-pele-sintomas-tipos-causas-tratamento-e-prevencao.txt	câncer de pele  sintomas	planejado (não publicado)
2026-11-04	12:00	74	capilar-beneficios-como-fazer-e-contraindicacoes.txt	Capilar  Benefícios, Como Fazer e Contraindicações.html	planejado (não publicado)
2026-11-04	20:00	75	carboidratos-o-que-sao-funcoes-tipos-e-alimentos-ricos.txt	carboidratos o que sao funcoes tipos e alimentos ricos	planejado (não publicado)
2026-11-05	09:00	76	cardapio-para-emagrecer-guia-semanal-pratico.txt	cardapio para emagrecer	planejado (não publicado)
2026-11-05	12:00	77	cardapio-para-ganhar-massa-muscular-guia-pratico.txt	cardápio para ganhar massa muscular	planejado (não publicado)
2026-11-05	20:00	78	celulite.txt	celulite	planejado (não publicado)
2026-11-06	09:00	79	cha-de-cavalinha.txt	chá de cavalinha	planejado (não publicado)
2026-11-06	12:00	80	cha-para-aumentar-a-imunidade-o-que-funciona.txt	chá para aumentar a imunidade	planejado (não publicado)
2026-11-06	20:00	81	cha-que-emagrece-1kg-por-dia-a-verdade-cientifica.txt	chá que emagrece 1kg por dia	planejado (não publicado)
2026-11-07	09:00	82	cha-relaxante-muscular-6-ervas-que-realmente-funcionam.txt	chá relaxante muscular	planejado (não publicado)
2026-11-07	12:00	83	chas-artigo.txt	chas-artigo	planejado (não publicado)
2026-11-07	20:00	84	cisto-no-couro-cabeludo-tipos-remocao-e-cuidados.txt	Cisto no Couro Cabeludo — Tipos, Remoção e Cuidados.html	planejado (não publicado)
2026-11-08	09:00	85	colageno-para-que-serve-tipos-e-o-que-a-ciencia-mostra.txt	colágeno	planejado (não publicado)
2026-11-08	12:00	86	colageno-tipo-2-artigo.txt	colageno-tipo-2-artigo	planejado (não publicado)
2026-11-08	20:00	87	colageno-verisol-para-que-serve-dosagem-e-resultados.txt	colágeno verisol	planejado (não publicado)
2026-11-09	09:00	88	como-engordar-de-forma-saudavel-guia-pratico.txt	Como Engordar de Forma Saudável — Guia Prático.html	planejado (não publicado)
2026-11-09	12:00	89	como-lavar-o-cabelo-corretamente-passo-a-passo.txt	como lavar o cabelo corretamente	planejado (não publicado)
2026-11-09	20:00	90	complexo-b-para-que-serve-como-tomar-beneficios-efeitos-colaterais.txt	complexo-b-para-que-serve-como-tomar-beneficios-efeitos-cola	planejado (não publicado)
2026-11-10	09:00	91	compulsao-alimentar-o-que-e-sintomas-e-tratamento.txt	compulsão alimentar	planejado (não publicado)
2026-11-10	12:00	92	constipacao-intestinal-o-que-fazer-e-quando-preocupa.txt	Constipação Intestinal — O Que Fazer e Quando Preocupa.html	planejado (não publicado)
2026-11-10	20:00	93	contar-calorias-como-calcular-e-evitar-erros-comuns.txt	contar calorias	planejado (não publicado)
2026-11-11	09:00	94	cotovelos-escuros-causas-como-clarear-e-alerta.txt	cotovelos escuros	planejado (não publicado)
2026-11-11	12:00	95	creatina-para-que-serve-beneficios-como-tomar-e-efeitos-colaterais.txt	creatina  para que serve	planejado (não publicado)
2026-11-11	20:00	96	creatina-para-que-serve-beneficios-e-cuidados.txt	creatina	planejado (não publicado)
2026-11-12	09:00	97	creatina-para-que-serve-beneficios-riscos-e-como-tomar.txt	creatina	planejado (não publicado)
2026-11-12	12:00	98	curcuma-artigo.txt	curcuma-artigo	planejado (não publicado)
2026-11-12	20:00	99	deficit-calorico-como-calcular-e-emagrecer-com-saude.txt	déficit calórico	planejado (não publicado)
2026-11-13	09:00	100	deionizador-de-agua-como-funciona-e-para-que-serve.txt	deionizador de água	planejado (não publicado)
2026-11-13	12:00	101	dermatite-de-contato.txt	dermatite de contato	planejado (não publicado)
2026-11-13	20:00	102	dieta-cetogenica-artigo.txt	dieta-cetogenica-artigo	planejado (não publicado)
2026-11-14	09:00	103	dieta-de-1000-calorias-riscos-e-quando-e-indicada.txt	dieta de 1000 calorias	planejado (não publicado)
2026-11-14	12:00	104	dieta-enteral-1-5-guia-completo-para-cuidadores.txt	dieta enteral 1.5	planejado (não publicado)
2026-11-14	20:00	105	dieta-low-carb-guia-completo-com-cardapio.txt	dieta low carb	planejado (não publicado)
2026-11-15	09:00	106	dieta-para-diabetes-tipo-2-guia-pratico-e-cardapio.txt	Dieta para Diabetes Tipo 2  Guia Prático e Cardápio.html	planejado (não publicado)
2026-11-15	12:00	107	dieta-para-perder-barriga-o-que-funciona-de-verdade.txt	dieta para perder barriga	planejado (não publicado)
2026-11-15	20:00	108	dieta-para-secar-barriga-estrategias-cientificas.txt	dieta para secar barriga	planejado (não publicado)
2026-11-16	09:00	109	dieta-para-secar-guia-pratico-e-realista.txt	dieta para secar	planejado (não publicado)
2026-11-16	12:00	110	dieta-sem-carboidrato-como-funciona-e-riscos.txt	Dieta Sem Carboidrato — Como Funciona e Riscos.html	planejado (não publicado)
2026-11-16	20:00	111	dieta-simples-para-emagrecer-guia-pratico-e-barato.txt	dieta simples para emagrecer	planejado (não publicado)
2026-11-17	09:00	112	dispneia-paroxistica-noturna-causas-e-quando-procurar-ajuda.txt	Dispneia Paroxística Noturna Causas e Quando Procurar Ajuda.html	planejado (não publicado)
2026-11-17	12:00	113	dormir-cedo-beneficios-como-treinar-e-o-que-evitar.txt	dormir cedo	planejado (não publicado)
2026-11-17	20:00	114	eletrolitos-o-que-sao-funcoes-e-como-repor.txt	eletrólitos	planejado (não publicado)
2026-11-18	09:00	115	emagrecer-10-kg-o-que-e-possivel-e-como-fazer-com-saude.txt	emagrecer 10kg	planejado (não publicado)
2026-11-18	12:00	116	emagrecer-com-saude-guia-completo-e-sustentavel.txt	emagrecer com saúde	planejado (não publicado)
2026-11-18	20:00	117	emagrecer-rapido-com-saude-guia-completo-e-seguro.txt	emagrecer rápido com saúde	planejado (não publicado)
2026-11-19	09:00	118	emagrecimento-saudavel-guia-completo-e-seguro.txt	emagrecimento saudável	planejado (não publicado)
2026-11-19	12:00	119	entradas-no-cabelo-masculina-causas-tratamento-e-cortes.txt	entradas no cabelo	planejado (não publicado)
2026-11-19	20:00	120	especialista-em-cabelo-quando-procurar-e-o-que-esperar.txt	Especialista em Cabelo — Quando Procurar e O Que Esperar.html	planejado (não publicado)
2026-11-20	09:00	121	exercicios-para-emagrecer-na-academia-guia-pratico.txt	exercícios para emagrecer na academia	planejado (não publicado)
2026-11-20	12:00	122	feno-grego-para-que-serve-beneficios-como-tomar.txt	feno-grego-para-que-serve-beneficios-como-tomar	planejado (não publicado)
2026-11-20	20:00	123	fiberlift-o-que-e-como-usar-e-contraindicacoes.txt	fiberlift	planejado (não publicado)
2026-11-21	09:00	124	fibra-mais-para-que-serve-e-como-tomar.txt	fibra mais	planejado (não publicado)
2026-11-21	12:00	125	fogacho-na-menopausa-causas-duracao-e-tratamentos.txt	fogacho menopausa	planejado (não publicado)
2026-11-21	20:00	126	fome-emocional-o-que-e-como-identificar-e-tratar.txt	fome emocional	planejado (não publicado)
2026-11-22	09:00	127	fome-no-mundo-causas-dados-atuais-e-solucoes.txt	fome no mundo	planejado (não publicado)
2026-11-22	12:00	128	fruta-do-conde-artigo.txt	fruta-do-conde-artigo	planejado (não publicado)
2026-11-22	20:00	129	gaba-para-que-serve-efeitos-colaterais-e-riscos.txt	GABA Para Que Serve, Efeitos Colaterais e Riscos.html	planejado (não publicado)
2026-11-23	09:00	130	ginkgo-biloba-artigo.txt	ginkgo-biloba-artigo	planejado (não publicado)
2026-11-23	12:00	131	glacucar-uniao-para-que-serve-e-composicao.txt	glaçúcar união	planejado (não publicado)
2026-11-23	20:00	132	glicina-o-que-e-para-que-serve-e-efeitos-colaterais.txt	Glicina O Que É, Para Que Serve e Efeitos Colaterais.html	planejado (não publicado)
2026-11-24	09:00	133	goiaba.txt	goiaba	planejado (não publicado)
2026-11-24	12:00	134	hidrafacial-o-que-e-preco-beneficios-e-riscos.txt	Hidrafacial O Que É, Preço, Benefícios e Riscos.html	planejado (não publicado)
2026-11-24	20:00	135	hidratante-facial-como-escolher.txt	hidratante-facial-como-escolher	planejado (não publicado)
2026-11-25	09:00	136	hmb-o-que-e-para-que-serve-e-efeitos-colaterais.txt	HMB  O Que É, Para Que Serve e Efeitos Colaterais.html	planejado (não publicado)
2026-11-25	12:00	137	inibidor-de-apetite-forte-o-que-e-aprovado-e-os-riscos.txt	inibidor de apetite forte	planejado (não publicado)
2026-11-25	20:00	138	isosource-soya-fiber-para-que-serve-e-como-usar.txt	isosource soya fiber	planejado (não publicado)
2026-11-26	09:00	139	jacu-bird-coffee-o-que-e-preco-e-como-preparar.txt	jacu bird coffee	planejado (não publicado)
2026-11-26	12:00	140	jejum-intermitente-artigo.txt	jejum-intermitente-artigo	planejado (não publicado)
2026-11-26	20:00	141	jejum-intermitente-como-funciona-16-8-e-cuidados.txt	jejum intermitente	planejado (não publicado)
2026-11-27	09:00	142	jejum-intermitente-para-emagrecer-guia-pratico.txt	jejum intermitente para emagrecer	planejado (não publicado)
2026-11-27	12:00	143	kerastase-queda-de-cabelo-linha-genesis-e-cuidados.txt	Kérastase Queda de Cabelo — Linha Genesis e Cuidados.html	planejado (não publicado)
2026-11-27	20:00	144	lista-de-dieta-para-emagrecer-guia-pratico.txt	lista de dieta para emagrecer	planejado (não publicado)
2026-11-28	09:00	145	maca-peruana-artigo.txt	maca-peruana-artigo	planejado (não publicado)
2026-11-28	12:00	146	maca-peruana-v3-nota-9-4.txt	maca peruana	planejado (não publicado)
2026-11-28	20:00	147	magnesio-dimalato-efeitos-colaterais-rins-e-interacoes.txt	magnésio dimalato efeitos colaterais	planejado (não publicado)
2026-11-29	09:00	148	magnesio-dimalato-para-que-serve-e-cuidados.txt	magnésio dimalato	planejado (não publicado)
2026-11-29	12:00	149	magnesio-efeitos-colaterais-guia-completo-e-seguro.txt	Magnésio Efeitos Colaterais  Guia Completo e Seguro.html	planejado (não publicado)
2026-11-29	20:00	150	magnesio-para-que-serve-tipos-e-cuidados.txt	magnésio	planejado (não publicado)
2026-11-30	09:00	151	magnesio-treonato-para-que-serve-efeitos-e-anvisa.txt	Magnésio Treonato Para Que Serve, Efeitos e Anvisa.html	planejado (não publicado)
2026-11-30	12:00	152	manchas-senis-causas-tratamentos-e-autoexame.txt	manchas senis	planejado (não publicado)
2026-11-30	20:00	153	manipulados-para-emagrecer-riscos-e-regras-da-anvisa.txt	manipulados para emagrecer	planejado (não publicado)
2026-12-01	09:00	154	marmita-fitness-cardapio-semanal-guia-completo-e-pratico.txt	marmita fitness cardápio semanal	planejado (não publicado)
2026-12-01	12:00	155	massagem-capilar-beneficios-como-fazer-e-contraindicacoes.txt	Massagem Capilar  Benefícios, Como Fazer e Contraindicações.html	planejado (não publicado)
2026-12-01	20:00	156	melanoma.txt	melanoma	planejado (não publicado)
2026-12-02	09:00	157	melasma-na-gravidez-causas-tratamento-seguro-e-rotina.txt	Melasma na Gravidez Causas, Tratamento Seguro e Rotina.html	planejado (não publicado)
2026-12-02	12:00	158	melasma.txt	melasma	planejado (não publicado)
2026-12-02	20:00	159	melatonina-para-que-serve-se-vicia-e-como-usar-1.txt	melatonina	planejado (não publicado)
2026-12-03	09:00	160	melatonina.txt	melatonina	planejado (não publicado)
2026-12-03	12:00	161	melhor-inibidor-de-apetite-o-que-funciona-de-verdade.txt	melhor inibidor de apetite	planejado (não publicado)
2026-12-03	20:00	162	melhor-suplemento-para-queimar-gordura-o-que-funciona.txt	Melhor Suplemento Para Reduzir Gordura — O Que Funciona.html	planejado (não publicado)
2026-12-04	09:00	163	metilfolato-artigo.txt	metilfolato-artigo	planejado (não publicado)
2026-12-04	12:00	164	minoxidil-solucao-capilar-como-usar-e-efeitos.txt	Minoxidil Solução Capilar Como Usar e Efeitos.html	planejado (não publicado)
2026-12-04	20:00	165	minoxidil-spray-cabelo-mecanismos-aplicacao-e-cuidados.txt	minoxidil spray cabelo mecanismos	planejado (não publicado)
2026-12-05	09:00	166	minoxidil-tonico-capilar-como-usar-shedding-e-resultados.txt	minoxidil tônico capilar	planejado (não publicado)
2026-12-05	12:00	167	minoxidil.txt	minoxidil	planejado (não publicado)
2026-12-05	20:00	168	monster-energy-todos-os-sabores-no-brasil-em-2026.txt	monster energy sabores	planejado (não publicado)
2026-12-06	09:00	169	niacinamida-para-que-serve-beneficios-como-usar-concentracao-e-efeitos-colaterais.txt	niacinamida  para que serve	planejado (não publicado)
2026-12-06	12:00	170	nutricao-estetica-guia-completo-da-pele-e-saude.txt	nutrição estética	planejado (não publicado)
2026-12-06	20:00	171	obstipacao-intestinal.txt	obstipação intestinal	planejado (não publicado)
2026-12-07	09:00	172	osteoporose-sintomas-causas-e-prevencao.txt	osteoporose	planejado (não publicado)
2026-12-07	12:00	173	osteoporose-sintomas-prevencao-e-tratamento.txt	osteoporose	planejado (não publicado)
2026-12-07	20:00	174	oxido-de-magnesio-para-que-serve-riscos-e-comparacao.txt	óxido de magnésio	planejado (não publicado)
2026-12-08	09:00	175	paralisia-do-sono.txt	paralisia do sono	planejado (não publicado)
2026-12-08	12:00	176	pera-artigo.txt	pera-artigo	planejado (não publicado)
2026-12-08	20:00	177	perder-gordura-e-ganhar-massa-muscular-guia-pratico.txt	perder gordura e ganhar massa muscular	planejado (não publicado)
2026-12-09	09:00	178	ph-da-pele-o-que-e-ideal-e-como-equilibrar.txt	ph da pele	planejado (não publicado)
2026-12-09	12:00	179	picolinato-de-cromo-para-que-serve-beneficios-efeitos-colaterais-e-como-tomar.txt	picolinato de cromo para que serve	planejado (não publicado)
2026-12-09	20:00	180	pitaya-beneficios-tipos-e-como-consumir.txt	pitaya	planejado (não publicado)
2026-12-10	09:00	181	polissonografia.txt	polissonografia	planejado (não publicado)
2026-12-10	12:00	182	pomelos.txt	pomelos	planejado (não publicado)
2026-12-10	20:00	183	probioticos-para-que-servem-e-cuidados.txt	probióticos	planejado (não publicado)
2026-12-11	09:00	184	probioticos-para-que-servem-tipos-alimentos-e-beneficios.txt	probióticos	planejado (não publicado)
2026-12-11	12:00	185	produtos-sem-lactose-guia-completo-e-pratico.txt	produtos sem lactose	planejado (não publicado)
2026-12-11	20:00	186	proteina-para-emagrecer-como-usar-e-riscos.txt	Proteína Para Emagrecer — Como Usar e Riscos.html	planejado (não publicado)
2026-12-12	09:00	187	proteina-puravida-linhas-como-usar-e-comparativo.txt	proteína puravida	planejado (não publicado)
2026-12-12	12:00	188	protetor-solar-facial-como-escolher-quanto-usar-fps-uva-e-reaplicacao.txt	protetor solar facial  como escolher	planejado (não publicado)
2026-12-12	20:00	189	psoriase-no-couro-cabeludo-sintomas-causas-diferenca-da-caspa-e-tratamentos.txt	psoríase no couro cabeludo  sintomas	planejado (não publicado)
2026-12-13	09:00	190	queda-de-cabelo-feminino-tratamentos-eficazes.txt	queda de cabelo feminino	planejado (não publicado)
2026-12-13	12:00	191	queda-de-cabelo-intensa-causas-linha-do-tempo-e-tratamento.txt	queda de cabelo intensa	planejado (não publicado)
2026-12-13	20:00	192	queda-de-cabelo-por-estresse-linha-do-tempo-e-tratamento.txt	queda de cabelo por estresse	planejado (não publicado)
2026-12-14	09:00	193	queda-de-cabelo-por-estresse.txt	queda-de-cabelo-por-estresse.html	planejado (não publicado)
2026-12-14	12:00	194	queda-de-cabelo-pos-parto-causas-duracao-e-cuidados.txt	queda de cabelo pós-parto	planejado (não publicado)
2026-12-14	20:00	195	queloide.txt	queloide	planejado (não publicado)
2026-12-15	09:00	196	queratose-pilar.txt	queratose pilar	planejado (não publicado)
2026-12-15	12:00	197	quero-emagrecer-guia-realista-e-saudavel.txt	quero emagrecer	planejado (não publicado)
2026-12-15	20:00	198	reeducacao-alimentar-como-fazer-e-por-que-funciona.txt	Reeducação Alimentar — Como Fazer e Por Que Funciona.html	planejado (não publicado)
2026-12-16	09:00	199	reeducacao-alimentar-para-emagrecer-guia-pratico.txt	reeducação alimentar para emagrecer	planejado (não publicado)
2026-12-16	12:00	200	remedio-minoxidil-acao-fisiologica-riscos-e-cuidados.txt	remédio minoxidil	planejado (não publicado)
2026-12-16	20:00	201	resistencia-insulinica-artigo.txt	resistencia-insulinica-artigo	planejado (não publicado)
2026-12-17	09:00	202	retinol-para-que-serve-beneficios-como-usar.txt	retinol-para-que-serve-beneficios-como-usar	planejado (não publicado)
2026-12-17	12:00	203	sabonete-de-enxofre-para-que-serve-beneficios-como-usar-e-cuidados.txt	sabonete de enxofre  para que serve	planejado (não publicado)
2026-12-17	20:00	204	saladas-completas-como-substituir-refeicoes-com-saude.txt	saladas completas	planejado (não publicado)
2026-12-18	09:00	205	sarna.txt	sarna	planejado (não publicado)
2026-12-18	12:00	206	saw-palmetto-queda-de-cabelo-o-que-funciona.txt	Saw Palmetto Queda de Cabelo — O Que Funciona.html	planejado (não publicado)
2026-12-18	20:00	207	sintomas-fases-e-como-aliviar.txt	menopausa	planejado (não publicado)
2026-12-19	09:00	208	suco-de-cebola-no-cabelo.txt	suco de cebola no cabelo	planejado (não publicado)
2026-12-19	12:00	209	super-cha-sb-o-que-e-riscos-e-evidencias.txt	super chá sb	planejado (não publicado)
2026-12-19	20:00	210	suplemento-queima-gordura-o-que-funciona-e-riscos.txt	suplemento contribui para a perda de gordura	planejado (não publicado)
2026-12-20	09:00	211	suplementos-para-emagrecer-feminino-guia-com-evidencia.txt	suplementos para emagrecer feminino	planejado (não publicado)
2026-12-20	12:00	212	suplementos-para-emagrecer-o-que-funciona-e-o-que-evitar.txt	suplementos para emagrecer	planejado (não publicado)
2026-12-20	20:00	213	tabela-de-calorias-dos-alimentos-guia-pratico.txt	tabela de calorias dos alimentos	planejado (não publicado)
2026-12-21	09:00	214	taurina-efeitos-colaterais-rins-e-interacao-com-cafeina.txt	taurina efeitos colaterais	planejado (não publicado)
2026-12-21	12:00	215	terapia-fotodinamica-o-que-e-como-funciona-e-cuidados.txt	terapia fotodinâmica	planejado (não publicado)
2026-12-21	20:00	216	termogenico-para-emagrecer-o-que-funciona-e-os-riscos.txt	Termogênico para Emagrecer  O Que Funciona e os Riscos.html	planejado (não publicado)
2026-12-22	09:00	217	termogenicos-naturais-o-que-funciona-e-os-riscos.txt	termogênicos naturais	planejado (não publicado)
2026-12-22	12:00	218	treino-funcional-emagrece-o-que-a-ciencia-mostra.txt	treino funcional emagrece	planejado (não publicado)
2026-12-22	20:00	219	urticaria.txt	urticária	planejado (não publicado)
2026-12-23	09:00	220	valeriana-para-que-serve-efeitos-colaterais-e-riscos.txt	Valeriana Para Que Serve, Efeitos Colaterais e Riscos.html	planejado (não publicado)
2026-12-23	12:00	221	vasinhos-no-rosto-causas-tipos-e-tratamentos-com-laser.txt	Vasinhos no Rosto  Causas, Tipos e Tratamentos com Laser.html	planejado (não publicado)
2026-12-23	20:00	222	vitamina-b12-para-que-serve-e-cuidados.txt	vitamina b12	planejado (não publicado)
2026-12-24	09:00	223	vitamina-d-artigo-seo-completo.txt	vitamina D	planejado (não publicado)
2026-12-24	12:00	224	vitamina-de-cavalo-no-cabelo-riscos-e-o-que-fazer.txt	Vitamina de Cavalo no Cabelo Riscos e o Que Fazer.html	planejado (não publicado)
2026-12-24	20:00	225	vitamina-para-queda-de-cabelo-o-que-funciona-e-o-que-e-perigo.txt	vitamina para queda de cabelo	planejado (não publicado)
2026-12-25	09:00	226	vitaminas-para-queda-de-cabelo-guia-completo.txt	Vitaminas para Queda de Cabelo Guia Completo.html	planejado (não publicado)
2026-12-25	12:00	227	vitaminas-para-queda-de-cabelo.txt	Vitaminas para queda de cabelo.html	planejado (não publicado)
2026-12-25	20:00	228	whey-protein-para-que-serve-tipos-e-como-tomar.txt	whey protein	planejado (não publicado)
