ordem	arquivo	palavra_chave	status
1	02-melatonina.txt	melatonina TITLE: Melatonina: Para Que Serve, Se Vicia,	pronto para conferir links
2	03-whey-protein.txt	whey protein TITLE: Whey Protein: Para Que Serve, Tipos,	pronto para conferir links
3	04-probioticos.txt	probióticos TITLE: Probióticos: Para Que Servem, Como	pronto para conferir links
4	05-jejum-intermitente.txt	jejum intermitente TITLE: Jejum Intermitente: Benefícios,	pronto para conferir links
5	06-colesterol.txt	colesterol TITLE: Colesterol: O Que É, HDL, LDL, Valores	pronto para conferir links
6	07-vitamina-d.txt	vitamina D TITLE: Vitamina D: Para Que Serve, Sintomas de	pronto para conferir links
7	08-vitamina-b12.txt	vitamina B12 TITLE: Vitamina B12: Para Que Serve,	pronto para conferir links
8	09-lanches.txt	lanches saudáveis	pronto para conferir links
9	10-minoxidil.txt	minoxidil TITLE: Minoxidil: Como Funciona, Quando Faz	pronto para conferir links
10	academia-emagrece-a-verdade-sobre-musculacao-e-perda-de-gordura.txt	academia emagrece	pronto para conferir links
11	acantose-nigricans-causas-tratamento-e-manchas-escuras.txt	Acantose Nigricans Causas, Tratamento e Manchas Escuras.html	pronto para conferir links
12	acido-folico-para-que-serve-beneficios-gravidez-efeitos-colaterais-e-queda-de-cabelo.txt	ácido fólico para que serve	pronto para conferir links
13	acido-hialuronico-para-que-serve-beneficios-tipos-como-usar-e-riscos.txt	ácido hialurônico  para que serve	pronto para conferir links
14	acido-salicilico-artigo.txt	acido-salicilico-artigo	pronto para conferir links
15	acido-salicilico-para-que-serve-beneficios-e-como-usar.txt	acido-salicilico-para-que-serve-beneficios-e-como-usar	pronto para conferir links
16	acordar-cansado-causas-e-como-melhorar-o-sono.txt	acordar Cansado Causas e Como Melhorar o Sono.html	pronto para conferir links
17	acucar.txt	açúcar	pronto para conferir links
18	adapaleno-o-que-e-para-que-serve-como-usar-efeitos-e-cuidados.txt	adapaleno o que e para que serve como usar efeitos e cuidado	pronto para conferir links
19	alantoina-para-que-serve-beneficios-e-como-usar-na-pele.txt	alantoína	pronto para conferir links
20	albumina-naturovos-1kg-como-usar-e-evitar-gases.txt	albumina naturovos 1kg	pronto para conferir links
21	albumina-para-que-serve-como-tomar-e-beneficios.txt	albumina suplemento	pronto para conferir links
22	alimentacao-saudavel-na-infancia-guia-pratico.txt	alimentação saudável criança	pronto para conferir links
23	alimentacao-sem-lactose-e-gluten-guia-completo.txt	Alimentação Sem Lactose e Glúten — Guia Completo.html	pronto para conferir links
24	alimentos-para-ganhar-massa-muscular-guia-pratico.txt	alimentos para ganhar massa muscular	pronto para conferir links
25	alimentos-ricos-em-proteina-artigo.txt	alimentos-ricos-em-proteina-artigo	pronto para conferir links
26	alimentos-saudaveis-para-criancas-guia-completo.txt	alimentos saudáveis para crianças	pronto para conferir links
27	alimentos-sem-gluten-e-sem-lactose-guia-pratico.txt	Alimentos Sem Glúten e Sem Lactose — Guia Prático.html	pronto para conferir links
28	alimentos-sem-lactose-lista-substituicoes-e-calcio.txt	alimentos sem lactose	pronto para conferir links
29	alopecia-areata-causas-sintomas-e-tratamentos.txt	alopecia areata	pronto para conferir links
30	alopecia-feminina-causas-tipos-e-tratamentos.txt	alopecia feminina	pronto para conferir links
31	alopecia-na-barba-causas-tratamentos-e-transplante.txt	alopecia na barba	pronto para conferir links
32	alopecia-por-estresse-sintomas-mecanismos-e-controle.txt	Alopecia por Estresse Sintomas, Mecanismos e Controle.html	pronto para conferir links
33	ansiedade-sintomas-fisicos-causas-e-quando-buscar-ajuda.txt	ansiedade	pronto para conferir links
34	argila-verde-para-que-serve-beneficios-e-como-usar.txt	Argila Verde Para Que Serve, Benefícios e Como Usar.html	pronto para conferir links
35	artigo-atemoia-saude40.txt	atemoia	pronto para conferir links
36	artigo-berberina.txt	artigo-berberina	pronto para conferir links
37	artigo-caixa-dagua-saude40.txt	caixa d’água	pronto para conferir links
38	artigo-frutas-exoticas.txt	artigo frutas exoticas	pronto para conferir links
39	artigo-goiaba-final.txt	goiaba	pronto para conferir links
40	artigo-goiaba-v2.txt	goiaba	pronto para conferir links
41	artigo-magnesio-dimalato.txt	artigo-magnesio-dimalato	pronto para conferir links
42	artigo-resveratrol.txt	artigo-resveratrol	pronto para conferir links
43	artigo-seo-andropausa-sintomas-e-queda-da-testosterona.txt	andropausa	pronto para conferir links
44	artigo-toxina-botulinica-botox.txt	artigo-toxina-botulinica-botox	pronto para conferir links
45	artigo-vitamina-b12.txt	artigo-vitamina-b12	pronto para conferir links
46	artigo-vitamina-d3.txt	artigo-vitamina-d3	pronto para conferir links
47	ashwagandha-beneficios-efeitos-e-cuidados.txt	ashwagandha	pronto para conferir links
48	azeite-de-oliva-no-cabelo-beneficios-riscos-e-como-usar.txt	azeite de oliva no cabelo	pronto para conferir links
49	babosa-no-cabelo-5-beneficios-como-usar-e-frequencia.txt	babosa no cabelo	pronto para conferir links
50	babosa-no-cabelo-beneficios-reais-e-riscos-da-aloina.txt	babosa no cabelo	pronto para conferir links
51	babosa-para-queda-de-cabelo-como-usar-e-o-que-funciona.txt	babosa para queda de cabelo	pronto para conferir links
52	bananazinha-cachaca-de-banana-teor-e-como-tomar.txt	bananazinha	pronto para conferir links
53	bebidas-ambev-portfolio-inovacoes-e-tabela-nutricional.txt	bebidas ambev	pronto para conferir links
54	bebidas-artigo.txt	bebidas-artigo	pronto para conferir links
55	beta-alanina-artigo.txt	beta-alanina-artigo	pronto para conferir links
56	beta-alanina-dosagem-parestesia-e-riscos-reais.txt	beta-alanina	pronto para conferir links
57	biotina-comprimido-funcoes-diagnosticos-e-riscos.txt	biotina comprimido	pronto para conferir links
58	biotina-para-que-serve-beneficios-e-cuidados.txt	biotina	pronto para conferir links
59	biotina-para-que-serve-efeitos-e-interferencia-em-exames.txt	biotina	pronto para conferir links
60	biotina-para-que-serve-funcoes-riscos-e-o-que-a-ciencia-mostra.txt	biotina para que serve	pronto para conferir links
61	biotina-valor-precos-dosagens-e-o-que-realmente-vale-a-pena.txt	biotina valor	pronto para conferir links
62	bolinhas-no-couro-cabeludo-o-que-pode-ser-e-como-tratar.txt	bolinhas no couro cabeludo	pronto para conferir links
63	botox-capilar-o-que-e-para-que-serve-beneficios-e-cuidados.txt	botox capilar o que e para que serve beneficios e cuidados	pronto para conferir links
64	cabelo-branco-masculino-cuidados-causas-e-como-disfarcar.txt	cabelo branco masculino	pronto para conferir links
65	cabelo-caindo-muito-o-que-pode-ser-e-como-tratar.txt	cabelo caindo muito	pronto para conferir links
66	cabelo-caindo-o-que-fazer-e-causas-reais.txt	Cabelo Caindo O Que Fazer e Causas Reais.html	pronto para conferir links
67	cabelo-quebrado-como-recuperar-testes-e-cronograma.txt	cabelo quebrado	pronto para conferir links
68	caindo-o-que-fazer-e-causas-reais.txt	Caindo — O Que Fazer e Causas Reais.html	pronto para conferir links
69	calculadora-de-imc-entenda-seu-indice-de-massa-corporal.txt	calculadora de IMC	pronto para conferir links
70	calcular-tabela-nutricional-online-gratis-guia-pratico.txt	calcular tabela nutricional online grátis	pronto para conferir links
71	caloria-dos-alimentos-como-calcular-e-tabela-pratica.txt	caloria dos alimentos	pronto para conferir links
72	calvicie-masculina-tratamentos-efeitos-e-resultados.txt	calvície masculina	pronto para conferir links
73	cancer-de-pele-sintomas-tipos-causas-tratamento-e-prevencao.txt	câncer de pele  sintomas	pronto para conferir links
74	capilar-beneficios-como-fazer-e-contraindicacoes.txt	Capilar  Benefícios, Como Fazer e Contraindicações.html	pronto para conferir links
75	carboidratos-o-que-sao-funcoes-tipos-e-alimentos-ricos.txt	carboidratos o que sao funcoes tipos e alimentos ricos	pronto para conferir links
76	cardapio-para-emagrecer-guia-semanal-pratico.txt	cardapio para emagrecer	pronto para conferir links
77	cardapio-para-ganhar-massa-muscular-guia-pratico.txt	cardápio para ganhar massa muscular	pronto para conferir links
78	celulite.txt	celulite	pronto para conferir links
79	cha-de-cavalinha.txt	chá de cavalinha	pronto para conferir links
80	cha-para-aumentar-a-imunidade-o-que-funciona.txt	chá para aumentar a imunidade	pronto para conferir links
81	cha-que-emagrece-1kg-por-dia-a-verdade-cientifica.txt	chá que emagrece 1kg por dia	pronto para conferir links
82	cha-relaxante-muscular-6-ervas-que-realmente-funcionam.txt	chá relaxante muscular	pronto para conferir links
83	chas-artigo.txt	chas-artigo	pronto para conferir links
84	cisto-no-couro-cabeludo-tipos-remocao-e-cuidados.txt	Cisto no Couro Cabeludo — Tipos, Remoção e Cuidados.html	pronto para conferir links
85	colageno-para-que-serve-tipos-e-o-que-a-ciencia-mostra.txt	colágeno	pronto para conferir links
86	colageno-tipo-2-artigo.txt	colageno-tipo-2-artigo	pronto para conferir links
87	colageno-verisol-para-que-serve-dosagem-e-resultados.txt	colágeno verisol	pronto para conferir links
88	como-engordar-de-forma-saudavel-guia-pratico.txt	Como Engordar de Forma Saudável — Guia Prático.html	pronto para conferir links
89	como-lavar-o-cabelo-corretamente-passo-a-passo.txt	como lavar o cabelo corretamente	pronto para conferir links
90	complexo-b-para-que-serve-como-tomar-beneficios-efeitos-colaterais.txt	complexo-b-para-que-serve-como-tomar-beneficios-efeitos-cola	pronto para conferir links
91	compulsao-alimentar-o-que-e-sintomas-e-tratamento.txt	compulsão alimentar	pronto para conferir links
92	constipacao-intestinal-o-que-fazer-e-quando-preocupa.txt	Constipação Intestinal — O Que Fazer e Quando Preocupa.html	pronto para conferir links
93	contar-calorias-como-calcular-e-evitar-erros-comuns.txt	contar calorias	pronto para conferir links
94	cotovelos-escuros-causas-como-clarear-e-alerta.txt	cotovelos escuros	pronto para conferir links
95	creatina-para-que-serve-beneficios-como-tomar-e-efeitos-colaterais.txt	creatina  para que serve	pronto para conferir links
96	creatina-para-que-serve-beneficios-e-cuidados.txt	creatina	pronto para conferir links
97	creatina-para-que-serve-beneficios-riscos-e-como-tomar.txt	creatina	pronto para conferir links
98	curcuma-artigo.txt	curcuma-artigo	pronto para conferir links
99	deficit-calorico-como-calcular-e-emagrecer-com-saude.txt	déficit calórico	pronto para conferir links
100	deionizador-de-agua-como-funciona-e-para-que-serve.txt	deionizador de água	pronto para conferir links
101	dermatite-de-contato.txt	dermatite de contato	pronto para conferir links
102	dieta-cetogenica-artigo.txt	dieta-cetogenica-artigo	pronto para conferir links
103	dieta-de-1000-calorias-riscos-e-quando-e-indicada.txt	dieta de 1000 calorias	pronto para conferir links
104	dieta-enteral-1-5-guia-completo-para-cuidadores.txt	dieta enteral 1.5	pronto para conferir links
105	dieta-low-carb-guia-completo-com-cardapio.txt	dieta low carb	pronto para conferir links
106	dieta-para-diabetes-tipo-2-guia-pratico-e-cardapio.txt	Dieta para Diabetes Tipo 2  Guia Prático e Cardápio.html	pronto para conferir links
107	dieta-para-perder-barriga-o-que-funciona-de-verdade.txt	dieta para perder barriga	pronto para conferir links
108	dieta-para-secar-barriga-estrategias-cientificas.txt	dieta para secar barriga	pronto para conferir links
109	dieta-para-secar-guia-pratico-e-realista.txt	dieta para secar	pronto para conferir links
110	dieta-sem-carboidrato-como-funciona-e-riscos.txt	Dieta Sem Carboidrato — Como Funciona e Riscos.html	pronto para conferir links
111	dieta-simples-para-emagrecer-guia-pratico-e-barato.txt	dieta simples para emagrecer	pronto para conferir links
112	dispneia-paroxistica-noturna-causas-e-quando-procurar-ajuda.txt	Dispneia Paroxística Noturna Causas e Quando Procurar Ajuda.html	pronto para conferir links
113	dormir-cedo-beneficios-como-treinar-e-o-que-evitar.txt	dormir cedo	pronto para conferir links
114	eletrolitos-o-que-sao-funcoes-e-como-repor.txt	eletrólitos	pronto para conferir links
115	emagrecer-10-kg-o-que-e-possivel-e-como-fazer-com-saude.txt	emagrecer 10kg	pronto para conferir links
116	emagrecer-com-saude-guia-completo-e-sustentavel.txt	emagrecer com saúde	pronto para conferir links
117	emagrecer-rapido-com-saude-guia-completo-e-seguro.txt	emagrecer rápido com saúde	pronto para conferir links
118	emagrecimento-saudavel-guia-completo-e-seguro.txt	emagrecimento saudável	pronto para conferir links
119	entradas-no-cabelo-masculina-causas-tratamento-e-cortes.txt	entradas no cabelo	pronto para conferir links
120	especialista-em-cabelo-quando-procurar-e-o-que-esperar.txt	Especialista em Cabelo — Quando Procurar e O Que Esperar.html	pronto para conferir links
121	exercicios-para-emagrecer-na-academia-guia-pratico.txt	exercícios para emagrecer na academia	pronto para conferir links
122	feno-grego-para-que-serve-beneficios-como-tomar.txt	feno-grego-para-que-serve-beneficios-como-tomar	pronto para conferir links
123	fiberlift-o-que-e-como-usar-e-contraindicacoes.txt	fiberlift	pronto para conferir links
124	fibra-mais-para-que-serve-e-como-tomar.txt	fibra mais	pronto para conferir links
125	fogacho-na-menopausa-causas-duracao-e-tratamentos.txt	fogacho menopausa	pronto para conferir links
126	fome-emocional-o-que-e-como-identificar-e-tratar.txt	fome emocional	pronto para conferir links
127	fome-no-mundo-causas-dados-atuais-e-solucoes.txt	fome no mundo	pronto para conferir links
128	fruta-do-conde-artigo.txt	fruta-do-conde-artigo	pronto para conferir links
129	gaba-para-que-serve-efeitos-colaterais-e-riscos.txt	GABA Para Que Serve, Efeitos Colaterais e Riscos.html	pronto para conferir links
130	ginkgo-biloba-artigo.txt	ginkgo-biloba-artigo	pronto para conferir links
131	glacucar-uniao-para-que-serve-e-composicao.txt	glaçúcar união	pronto para conferir links
132	glicina-o-que-e-para-que-serve-e-efeitos-colaterais.txt	Glicina O Que É, Para Que Serve e Efeitos Colaterais.html	pronto para conferir links
133	goiaba.txt	goiaba	pronto para conferir links
134	hidrafacial-o-que-e-preco-beneficios-e-riscos.txt	Hidrafacial O Que É, Preço, Benefícios e Riscos.html	pronto para conferir links
135	hidratante-facial-como-escolher.txt	hidratante-facial-como-escolher	pronto para conferir links
136	hmb-o-que-e-para-que-serve-e-efeitos-colaterais.txt	HMB  O Que É, Para Que Serve e Efeitos Colaterais.html	pronto para conferir links
137	inibidor-de-apetite-forte-o-que-e-aprovado-e-os-riscos.txt	inibidor de apetite forte	pronto para conferir links
138	isosource-soya-fiber-para-que-serve-e-como-usar.txt	isosource soya fiber	pronto para conferir links
139	jacu-bird-coffee-o-que-e-preco-e-como-preparar.txt	jacu bird coffee	pronto para conferir links
140	jejum-intermitente-artigo.txt	jejum-intermitente-artigo	pronto para conferir links
141	jejum-intermitente-como-funciona-16-8-e-cuidados.txt	jejum intermitente	pronto para conferir links
142	jejum-intermitente-para-emagrecer-guia-pratico.txt	jejum intermitente para emagrecer	pronto para conferir links
143	kerastase-queda-de-cabelo-linha-genesis-e-cuidados.txt	Kérastase Queda de Cabelo — Linha Genesis e Cuidados.html	pronto para conferir links
144	lista-de-dieta-para-emagrecer-guia-pratico.txt	lista de dieta para emagrecer	pronto para conferir links
145	maca-peruana-artigo.txt	maca-peruana-artigo	pronto para conferir links
146	maca-peruana-v3-nota-9-4.txt	maca peruana	pronto para conferir links
147	magnesio-dimalato-efeitos-colaterais-rins-e-interacoes.txt	magnésio dimalato efeitos colaterais	pronto para conferir links
148	magnesio-dimalato-para-que-serve-e-cuidados.txt	magnésio dimalato	pronto para conferir links
149	magnesio-efeitos-colaterais-guia-completo-e-seguro.txt	Magnésio Efeitos Colaterais  Guia Completo e Seguro.html	pronto para conferir links
150	magnesio-para-que-serve-tipos-e-cuidados.txt	magnésio	pronto para conferir links
151	magnesio-treonato-para-que-serve-efeitos-e-anvisa.txt	Magnésio Treonato Para Que Serve, Efeitos e Anvisa.html	pronto para conferir links
152	manchas-senis-causas-tratamentos-e-autoexame.txt	manchas senis	pronto para conferir links
153	manipulados-para-emagrecer-riscos-e-regras-da-anvisa.txt	manipulados para emagrecer	pronto para conferir links
154	marmita-fitness-cardapio-semanal-guia-completo-e-pratico.txt	marmita fitness cardápio semanal	pronto para conferir links
155	massagem-capilar-beneficios-como-fazer-e-contraindicacoes.txt	Massagem Capilar  Benefícios, Como Fazer e Contraindicações.html	pronto para conferir links
156	melanoma.txt	melanoma	pronto para conferir links
157	melasma-na-gravidez-causas-tratamento-seguro-e-rotina.txt	Melasma na Gravidez Causas, Tratamento Seguro e Rotina.html	pronto para conferir links
158	melasma.txt	melasma	pronto para conferir links
159	melatonina-para-que-serve-se-vicia-e-como-usar-1.txt	melatonina	pronto para conferir links
160	melatonina.txt	melatonina	pronto para conferir links
161	melhor-inibidor-de-apetite-o-que-funciona-de-verdade.txt	melhor inibidor de apetite	pronto para conferir links
162	melhor-suplemento-para-queimar-gordura-o-que-funciona.txt	Melhor Suplemento Para Reduzir Gordura — O Que Funciona.html	pronto para conferir links
163	metilfolato-artigo.txt	metilfolato-artigo	pronto para conferir links
164	minoxidil-solucao-capilar-como-usar-e-efeitos.txt	Minoxidil Solução Capilar Como Usar e Efeitos.html	pronto para conferir links
165	minoxidil-spray-cabelo-mecanismos-aplicacao-e-cuidados.txt	minoxidil spray cabelo mecanismos	pronto para conferir links
166	minoxidil-tonico-capilar-como-usar-shedding-e-resultados.txt	minoxidil tônico capilar	pronto para conferir links
167	minoxidil.txt	minoxidil	pronto para conferir links
168	monster-energy-todos-os-sabores-no-brasil-em-2026.txt	monster energy sabores	pronto para conferir links
169	niacinamida-para-que-serve-beneficios-como-usar-concentracao-e-efeitos-colaterais.txt	niacinamida  para que serve	pronto para conferir links
170	nutricao-estetica-guia-completo-da-pele-e-saude.txt	nutrição estética	pronto para conferir links
171	obstipacao-intestinal.txt	obstipação intestinal	pronto para conferir links
172	osteoporose-sintomas-causas-e-prevencao.txt	osteoporose	pronto para conferir links
173	osteoporose-sintomas-prevencao-e-tratamento.txt	osteoporose	pronto para conferir links
174	oxido-de-magnesio-para-que-serve-riscos-e-comparacao.txt	óxido de magnésio	pronto para conferir links
175	paralisia-do-sono.txt	paralisia do sono	pronto para conferir links
176	pera-artigo.txt	pera-artigo	pronto para conferir links
177	perder-gordura-e-ganhar-massa-muscular-guia-pratico.txt	perder gordura e ganhar massa muscular	pronto para conferir links
178	ph-da-pele-o-que-e-ideal-e-como-equilibrar.txt	ph da pele	pronto para conferir links
179	picolinato-de-cromo-para-que-serve-beneficios-efeitos-colaterais-e-como-tomar.txt	picolinato de cromo para que serve	pronto para conferir links
180	pitaya-beneficios-tipos-e-como-consumir.txt	pitaya	pronto para conferir links
181	polissonografia.txt	polissonografia	pronto para conferir links
182	pomelos.txt	pomelos	pronto para conferir links
183	probioticos-para-que-servem-e-cuidados.txt	probióticos	pronto para conferir links
184	probioticos-para-que-servem-tipos-alimentos-e-beneficios.txt	probióticos	pronto para conferir links
185	produtos-sem-lactose-guia-completo-e-pratico.txt	produtos sem lactose	pronto para conferir links
186	proteina-para-emagrecer-como-usar-e-riscos.txt	Proteína Para Emagrecer — Como Usar e Riscos.html	pronto para conferir links
187	proteina-puravida-linhas-como-usar-e-comparativo.txt	proteína puravida	pronto para conferir links
188	protetor-solar-facial-como-escolher-quanto-usar-fps-uva-e-reaplicacao.txt	protetor solar facial  como escolher	pronto para conferir links
189	psoriase-no-couro-cabeludo-sintomas-causas-diferenca-da-caspa-e-tratamentos.txt	psoríase no couro cabeludo  sintomas	pronto para conferir links
190	queda-de-cabelo-feminino-tratamentos-eficazes.txt	queda de cabelo feminino	pronto para conferir links
191	queda-de-cabelo-intensa-causas-linha-do-tempo-e-tratamento.txt	queda de cabelo intensa	pronto para conferir links
192	queda-de-cabelo-por-estresse-linha-do-tempo-e-tratamento.txt	queda de cabelo por estresse	pronto para conferir links
193	queda-de-cabelo-por-estresse.txt	queda-de-cabelo-por-estresse.html	pronto para conferir links
194	queda-de-cabelo-pos-parto-causas-duracao-e-cuidados.txt	queda de cabelo pós-parto	pronto para conferir links
195	queloide.txt	queloide	pronto para conferir links
196	queratose-pilar.txt	queratose pilar	pronto para conferir links
197	quero-emagrecer-guia-realista-e-saudavel.txt	quero emagrecer	pronto para conferir links
198	reeducacao-alimentar-como-fazer-e-por-que-funciona.txt	Reeducação Alimentar — Como Fazer e Por Que Funciona.html	pronto para conferir links
199	reeducacao-alimentar-para-emagrecer-guia-pratico.txt	reeducação alimentar para emagrecer	pronto para conferir links
200	remedio-minoxidil-acao-fisiologica-riscos-e-cuidados.txt	remédio minoxidil	pronto para conferir links
201	resistencia-insulinica-artigo.txt	resistencia-insulinica-artigo	pronto para conferir links
202	retinol-para-que-serve-beneficios-como-usar.txt	retinol-para-que-serve-beneficios-como-usar	pronto para conferir links
203	sabonete-de-enxofre-para-que-serve-beneficios-como-usar-e-cuidados.txt	sabonete de enxofre  para que serve	pronto para conferir links
204	saladas-completas-como-substituir-refeicoes-com-saude.txt	saladas completas	pronto para conferir links
205	sarna.txt	sarna	pronto para conferir links
206	saw-palmetto-queda-de-cabelo-o-que-funciona.txt	Saw Palmetto Queda de Cabelo — O Que Funciona.html	pronto para conferir links
207	sintomas-fases-e-como-aliviar.txt	menopausa	pronto para conferir links
208	suco-de-cebola-no-cabelo.txt	suco de cebola no cabelo	pronto para conferir links
209	super-cha-sb-o-que-e-riscos-e-evidencias.txt	super chá sb	pronto para conferir links
210	suplemento-queima-gordura-o-que-funciona-e-riscos.txt	suplemento contribui para a perda de gordura	pronto para conferir links
211	suplementos-para-emagrecer-feminino-guia-com-evidencia.txt	suplementos para emagrecer feminino	pronto para conferir links
212	suplementos-para-emagrecer-o-que-funciona-e-o-que-evitar.txt	suplementos para emagrecer	pronto para conferir links
213	tabela-de-calorias-dos-alimentos-guia-pratico.txt	tabela de calorias dos alimentos	pronto para conferir links
214	taurina-efeitos-colaterais-rins-e-interacao-com-cafeina.txt	taurina efeitos colaterais	pronto para conferir links
215	terapia-fotodinamica-o-que-e-como-funciona-e-cuidados.txt	terapia fotodinâmica	pronto para conferir links
216	termogenico-para-emagrecer-o-que-funciona-e-os-riscos.txt	Termogênico para Emagrecer  O Que Funciona e os Riscos.html	pronto para conferir links
217	termogenicos-naturais-o-que-funciona-e-os-riscos.txt	termogênicos naturais	pronto para conferir links
218	treino-funcional-emagrece-o-que-a-ciencia-mostra.txt	treino funcional emagrece	pronto para conferir links
219	urticaria.txt	urticária	pronto para conferir links
220	valeriana-para-que-serve-efeitos-colaterais-e-riscos.txt	Valeriana Para Que Serve, Efeitos Colaterais e Riscos.html	pronto para conferir links
221	vasinhos-no-rosto-causas-tipos-e-tratamentos-com-laser.txt	Vasinhos no Rosto  Causas, Tipos e Tratamentos com Laser.html	pronto para conferir links
222	vitamina-b12-para-que-serve-e-cuidados.txt	vitamina b12	pronto para conferir links
223	vitamina-d-artigo-seo-completo.txt	vitamina D	pronto para conferir links
224	vitamina-de-cavalo-no-cabelo-riscos-e-o-que-fazer.txt	Vitamina de Cavalo no Cabelo Riscos e o Que Fazer.html	pronto para conferir links
225	vitamina-para-queda-de-cabelo-o-que-funciona-e-o-que-e-perigo.txt	vitamina para queda de cabelo	pronto para conferir links
226	vitaminas-para-queda-de-cabelo-guia-completo.txt	Vitaminas para Queda de Cabelo Guia Completo.html	pronto para conferir links
227	vitaminas-para-queda-de-cabelo.txt	Vitaminas para queda de cabelo.html	pronto para conferir links
228	whey-protein-para-que-serve-tipos-e-como-tomar.txt	whey protein	pronto para conferir links
-	andropausa-sintomas-diagnostico-e-tratamento.txt	andropausa	pendente: 1094 palavras
-	guia-pratico-como-adequar-seus-produtos-a-nova-rotulagem-nutricional-da-anvisa.txt	Guia Prático  Como Adequar seus Produtos à Nova Rotulagem Nutricional da ANVISA.html	pendente: 536 palavras
-	laranja-beneficios-tipos-propriedades-nutricionais-e-cuidados-no-consumo.txt	laranja benefícios	pendente: 674 palavras
-	menopausa-sintomas-fases-e-como-aliviar.txt	menopausa	pendente: 939 palavras
-	nutricao-estetica-guia-completo-sobre-pele-cabelo-e-unhas.txt	nutrição estética	pendente: 1268 palavras
-	suplementos-para-emagrecer-eficacia-e-riscos-reais.txt	suplementos para emagrecer	pendente: 1235 palavras
-	suplementos-para-emagrecer-o-que-a-ciencia.txt	suplementos para emagrecer	pendente: termo proibido
