arquivo	status
02-melatonina.txt	OK
03-whey-protein.txt	<2 fontes
04-probioticos.txt	OK
05-jejum-intermitente.txt	<2 fontes
06-colesterol.txt	OK
07-vitamina-d.txt	OK
08-vitamina-b12.txt	<2 fontes
09-lanches.txt	<2 fontes
10-minoxidil.txt	<2 fontes
academia-emagrece-a-verdade-sobre-musculacao-e-perda-de-gordura.txt	<2 fontes
acantose-nigricans-causas-tratamento-e-manchas-escuras.txt	OK
acido-folico-para-que-serve-beneficios-gravidez-efeitos-colaterais-e-queda-de-cabelo.txt	<2 fontes
acido-hialuronico-para-que-serve-beneficios-tipos-como-usar-e-riscos.txt	<2 fontes
acido-salicilico-artigo.txt	OK
acido-salicilico-para-que-serve-beneficios-e-como-usar.txt	<2 fontes
acordar-cansado-causas-e-como-melhorar-o-sono.txt	OK
acucar.txt	OK
adapaleno-o-que-e-para-que-serve-como-usar-efeitos-e-cuidados.txt	<2 fontes
alantoina-para-que-serve-beneficios-e-como-usar-na-pele.txt	OK
albumina-naturovos-1kg-como-usar-e-evitar-gases.txt	OK
albumina-para-que-serve-como-tomar-e-beneficios.txt	OK
alimentacao-saudavel-na-infancia-guia-pratico.txt	OK
alimentacao-sem-lactose-e-gluten-guia-completo.txt	OK
alimentos-para-ganhar-massa-muscular-guia-pratico.txt	OK
alimentos-ricos-em-proteina-artigo.txt	<2 fontes
alimentos-saudaveis-para-criancas-guia-completo.txt	OK
alimentos-sem-gluten-e-sem-lactose-guia-pratico.txt	OK
alimentos-sem-lactose-lista-substituicoes-e-calcio.txt	OK
alopecia-areata-causas-sintomas-e-tratamentos.txt	OK
alopecia-feminina-causas-tipos-e-tratamentos.txt	OK
alopecia-na-barba-causas-tratamentos-e-transplante.txt	OK
alopecia-por-estresse-sintomas-mecanismos-e-controle.txt	OK
andropausa-sintomas-diagnostico-e-tratamento.txt	1094 palavras
ansiedade-sintomas-fisicos-causas-e-quando-buscar-ajuda.txt	<2 fontes
argila-verde-para-que-serve-beneficios-e-como-usar.txt	OK
artigo-atemoia-saude40.txt	OK
artigo-berberina.txt	<2 fontes
artigo-caixa-dagua-saude40.txt	<2 fontes
artigo-frutas-exoticas.txt	<2 fontes
artigo-goiaba-final.txt	OK
artigo-goiaba-v2.txt	OK
artigo-magnesio-dimalato.txt	<2 fontes
artigo-resveratrol.txt	<2 fontes
artigo-seo-andropausa-sintomas-e-queda-da-testosterona.txt	OK
artigo-toxina-botulinica-botox.txt	<2 fontes
artigo-vitamina-b12.txt	<2 fontes
artigo-vitamina-d3.txt	<2 fontes
ashwagandha-beneficios-efeitos-e-cuidados.txt	<2 fontes
azeite-de-oliva-no-cabelo-beneficios-riscos-e-como-usar.txt	OK
babosa-no-cabelo-5-beneficios-como-usar-e-frequencia.txt	OK
babosa-no-cabelo-beneficios-reais-e-riscos-da-aloina.txt	OK
babosa-para-queda-de-cabelo-como-usar-e-o-que-funciona.txt	OK
bananazinha-cachaca-de-banana-teor-e-como-tomar.txt	OK
bebidas-ambev-portfolio-inovacoes-e-tabela-nutricional.txt	OK
bebidas-artigo.txt	OK
beta-alanina-artigo.txt	<2 fontes
beta-alanina-dosagem-parestesia-e-riscos-reais.txt	OK
biotina-comprimido-funcoes-diagnosticos-e-riscos.txt	OK
biotina-para-que-serve-beneficios-e-cuidados.txt	<2 fontes
biotina-para-que-serve-efeitos-e-interferencia-em-exames.txt	OK
biotina-para-que-serve-funcoes-riscos-e-o-que-a-ciencia-mostra.txt	OK
biotina-valor-precos-dosagens-e-o-que-realmente-vale-a-pena.txt	OK
bolinhas-no-couro-cabeludo-o-que-pode-ser-e-como-tratar.txt	OK
botox-capilar-o-que-e-para-que-serve-beneficios-e-cuidados.txt	<2 fontes
cabelo-branco-masculino-cuidados-causas-e-como-disfarcar.txt	OK
cabelo-caindo-muito-o-que-pode-ser-e-como-tratar.txt	OK
cabelo-caindo-o-que-fazer-e-causas-reais.txt	OK
cabelo-quebrado-como-recuperar-testes-e-cronograma.txt	<2 fontes
caindo-o-que-fazer-e-causas-reais.txt	OK
calculadora-de-imc-entenda-seu-indice-de-massa-corporal.txt	OK
calcular-tabela-nutricional-online-gratis-guia-pratico.txt	OK
caloria-dos-alimentos-como-calcular-e-tabela-pratica.txt	OK
calvicie-masculina-tratamentos-efeitos-e-resultados.txt	OK
cancer-de-pele-sintomas-tipos-causas-tratamento-e-prevencao.txt	<2 fontes
capilar-beneficios-como-fazer-e-contraindicacoes.txt	OK
carboidratos-o-que-sao-funcoes-tipos-e-alimentos-ricos.txt	<2 fontes
cardapio-para-emagrecer-guia-semanal-pratico.txt	OK
cardapio-para-ganhar-massa-muscular-guia-pratico.txt	OK
celulite.txt	<2 fontes
cha-de-cavalinha.txt	OK
cha-para-aumentar-a-imunidade-o-que-funciona.txt	OK
cha-que-emagrece-1kg-por-dia-a-verdade-cientifica.txt	OK
cha-relaxante-muscular-6-ervas-que-realmente-funcionam.txt	<2 fontes
chas-artigo.txt	<2 fontes
cisto-no-couro-cabeludo-tipos-remocao-e-cuidados.txt	OK
colageno-para-que-serve-tipos-e-o-que-a-ciencia-mostra.txt	OK
colageno-tipo-2-artigo.txt	OK
colageno-verisol-para-que-serve-dosagem-e-resultados.txt	<2 fontes
como-engordar-de-forma-saudavel-guia-pratico.txt	OK
como-lavar-o-cabelo-corretamente-passo-a-passo.txt	OK
complexo-b-para-que-serve-como-tomar-beneficios-efeitos-colaterais.txt	<2 fontes
compulsao-alimentar-o-que-e-sintomas-e-tratamento.txt	OK
constipacao-intestinal-o-que-fazer-e-quando-preocupa.txt	OK
contar-calorias-como-calcular-e-evitar-erros-comuns.txt	OK
cotovelos-escuros-causas-como-clarear-e-alerta.txt	OK
creatina-para-que-serve-beneficios-como-tomar-e-efeitos-colaterais.txt	OK
creatina-para-que-serve-beneficios-e-cuidados.txt	<2 fontes
creatina-para-que-serve-beneficios-riscos-e-como-tomar.txt	<2 fontes
curcuma-artigo.txt	<2 fontes
deficit-calorico-como-calcular-e-emagrecer-com-saude.txt	OK
deionizador-de-agua-como-funciona-e-para-que-serve.txt	OK
dermatite-de-contato.txt	<2 fontes
dieta-cetogenica-artigo.txt	<2 fontes
dieta-de-1000-calorias-riscos-e-quando-e-indicada.txt	OK
dieta-enteral-1-5-guia-completo-para-cuidadores.txt	OK
dieta-low-carb-guia-completo-com-cardapio.txt	OK
dieta-para-diabetes-tipo-2-guia-pratico-e-cardapio.txt	OK
dieta-para-perder-barriga-o-que-funciona-de-verdade.txt	OK
dieta-para-secar-barriga-estrategias-cientificas.txt	OK
dieta-para-secar-guia-pratico-e-realista.txt	OK
dieta-sem-carboidrato-como-funciona-e-riscos.txt	OK
dieta-simples-para-emagrecer-guia-pratico-e-barato.txt	OK
dispneia-paroxistica-noturna-causas-e-quando-procurar-ajuda.txt	OK
dormir-cedo-beneficios-como-treinar-e-o-que-evitar.txt	OK
eletrolitos-o-que-sao-funcoes-e-como-repor.txt	OK
emagrecer-10-kg-o-que-e-possivel-e-como-fazer-com-saude.txt	OK
emagrecer-com-saude-guia-completo-e-sustentavel.txt	OK
emagrecer-rapido-com-saude-guia-completo-e-seguro.txt	OK
emagrecimento-saudavel-guia-completo-e-seguro.txt	OK
entradas-no-cabelo-masculina-causas-tratamento-e-cortes.txt	OK
especialista-em-cabelo-quando-procurar-e-o-que-esperar.txt	OK
exercicios-para-emagrecer-na-academia-guia-pratico.txt	OK
feno-grego-para-que-serve-beneficios-como-tomar.txt	<2 fontes
fiberlift-o-que-e-como-usar-e-contraindicacoes.txt	OK
fibra-mais-para-que-serve-e-como-tomar.txt	OK
fogacho-na-menopausa-causas-duracao-e-tratamentos.txt	OK
fome-emocional-o-que-e-como-identificar-e-tratar.txt	OK
fome-no-mundo-causas-dados-atuais-e-solucoes.txt	OK
fruta-do-conde-artigo.txt	<2 fontes
gaba-para-que-serve-efeitos-colaterais-e-riscos.txt	OK
ginkgo-biloba-artigo.txt	OK
glacucar-uniao-para-que-serve-e-composicao.txt	OK
glicina-o-que-e-para-que-serve-e-efeitos-colaterais.txt	OK
goiaba.txt	OK
guia-pratico-como-adequar-seus-produtos-a-nova-rotulagem-nutricional-da-anvisa.txt	<2 fontes; 530 palavras
hidrafacial-o-que-e-preco-beneficios-e-riscos.txt	OK
hidratante-facial-como-escolher.txt	<2 fontes
hmb-o-que-e-para-que-serve-e-efeitos-colaterais.txt	<2 fontes
inibidor-de-apetite-forte-o-que-e-aprovado-e-os-riscos.txt	OK
isosource-soya-fiber-para-que-serve-e-como-usar.txt	OK
jacu-bird-coffee-o-que-e-preco-e-como-preparar.txt	OK
jejum-intermitente-artigo.txt	<2 fontes
jejum-intermitente-como-funciona-16-8-e-cuidados.txt	OK
jejum-intermitente-para-emagrecer-guia-pratico.txt	OK
kerastase-queda-de-cabelo-linha-genesis-e-cuidados.txt	OK
laranja-beneficios-tipos-propriedades-nutricionais-e-cuidados-no-consumo.txt	<2 fontes; 674 palavras
lista-de-dieta-para-emagrecer-guia-pratico.txt	OK
maca-peruana-artigo.txt	<2 fontes
maca-peruana-v3-nota-9-4.txt	OK
magnesio-dimalato-efeitos-colaterais-rins-e-interacoes.txt	OK
magnesio-dimalato-para-que-serve-e-cuidados.txt	OK
magnesio-efeitos-colaterais-guia-completo-e-seguro.txt	OK
magnesio-para-que-serve-tipos-e-cuidados.txt	<2 fontes
magnesio-treonato-para-que-serve-efeitos-e-anvisa.txt	OK
manchas-senis-causas-tratamentos-e-autoexame.txt	OK
manipulados-para-emagrecer-riscos-e-regras-da-anvisa.txt	<2 fontes
marmita-fitness-cardapio-semanal-guia-completo-e-pratico.txt	OK
massagem-capilar-beneficios-como-fazer-e-contraindicacoes.txt	OK
melanoma.txt	OK
melasma-na-gravidez-causas-tratamento-seguro-e-rotina.txt	OK
melasma.txt	<2 fontes
melatonina-para-que-serve-se-vicia-e-como-usar-1.txt	OK
melatonina.txt	OK
melhor-inibidor-de-apetite-o-que-funciona-de-verdade.txt	<2 fontes
melhor-suplemento-para-queimar-gordura-o-que-funciona.txt	OK
menopausa-sintomas-fases-e-como-aliviar.txt	939 palavras
metilfolato-artigo.txt	OK
minoxidil-solucao-capilar-como-usar-e-efeitos.txt	OK
minoxidil-spray-cabelo-mecanismos-aplicacao-e-cuidados.txt	OK
minoxidil-tonico-capilar-como-usar-shedding-e-resultados.txt	OK
minoxidil.txt	OK
monster-energy-todos-os-sabores-no-brasil-em-2026.txt	OK
niacinamida-para-que-serve-beneficios-como-usar-concentracao-e-efeitos-colaterais.txt	<2 fontes
nutricao-estetica-guia-completo-da-pele-e-saude.txt	OK
nutricao-estetica-guia-completo-sobre-pele-cabelo-e-unhas.txt	1268 palavras
obstipacao-intestinal.txt	OK
osteoporose-sintomas-causas-e-prevencao.txt	OK
osteoporose-sintomas-prevencao-e-tratamento.txt	OK
oxido-de-magnesio-para-que-serve-riscos-e-comparacao.txt	OK
paralisia-do-sono.txt	<2 fontes
pera-artigo.txt	<2 fontes
perder-gordura-e-ganhar-massa-muscular-guia-pratico.txt	OK
ph-da-pele-o-que-e-ideal-e-como-equilibrar.txt	OK
picolinato-de-cromo-para-que-serve-beneficios-efeitos-colaterais-e-como-tomar.txt	<2 fontes
pitaya-beneficios-tipos-e-como-consumir.txt	<2 fontes
polissonografia.txt	OK
pomelos.txt	<2 fontes
probioticos-para-que-servem-e-cuidados.txt	<2 fontes
probioticos-para-que-servem-tipos-alimentos-e-beneficios.txt	OK
produtos-sem-lactose-guia-completo-e-pratico.txt	OK
proteina-para-emagrecer-como-usar-e-riscos.txt	OK
proteina-puravida-linhas-como-usar-e-comparativo.txt	OK
protetor-solar-facial-como-escolher-quanto-usar-fps-uva-e-reaplicacao.txt	<2 fontes
psoriase-no-couro-cabeludo-sintomas-causas-diferenca-da-caspa-e-tratamentos.txt	<2 fontes
queda-de-cabelo-feminino-tratamentos-eficazes.txt	OK
queda-de-cabelo-intensa-causas-linha-do-tempo-e-tratamento.txt	OK
queda-de-cabelo-por-estresse-linha-do-tempo-e-tratamento.txt	OK
queda-de-cabelo-por-estresse.txt	OK
queda-de-cabelo-pos-parto-causas-duracao-e-cuidados.txt	OK
queloide.txt	OK
queratose-pilar.txt	<2 fontes
quero-emagrecer-guia-realista-e-saudavel.txt	OK
reeducacao-alimentar-como-fazer-e-por-que-funciona.txt	OK
reeducacao-alimentar-para-emagrecer-guia-pratico.txt	OK
remedio-minoxidil-acao-fisiologica-riscos-e-cuidados.txt	OK
resistencia-insulinica-artigo.txt	OK
retinol-para-que-serve-beneficios-como-usar.txt	<2 fontes
sabonete-de-enxofre-para-que-serve-beneficios-como-usar-e-cuidados.txt	<2 fontes
saladas-completas-como-substituir-refeicoes-com-saude.txt	OK
sarna.txt	OK
saw-palmetto-queda-de-cabelo-o-que-funciona.txt	OK
sintomas-fases-e-como-aliviar.txt	OK
suco-de-cebola-no-cabelo.txt	OK
super-cha-sb-o-que-e-riscos-e-evidencias.txt	OK
suplemento-queima-gordura-o-que-funciona-e-riscos.txt	OK
suplementos-para-emagrecer-eficacia-e-riscos-reais.txt	1235 palavras
suplementos-para-emagrecer-feminino-guia-com-evidencia.txt	OK
suplementos-para-emagrecer-o-que-a-ciencia.txt	termo
suplementos-para-emagrecer-o-que-funciona-e-o-que-evitar.txt	OK
tabela-de-calorias-dos-alimentos-guia-pratico.txt	OK
taurina-efeitos-colaterais-rins-e-interacao-com-cafeina.txt	OK
terapia-fotodinamica-o-que-e-como-funciona-e-cuidados.txt	<2 fontes
termogenico-para-emagrecer-o-que-funciona-e-os-riscos.txt	OK
termogenicos-naturais-o-que-funciona-e-os-riscos.txt	OK
treino-funcional-emagrece-o-que-a-ciencia-mostra.txt	<2 fontes
urticaria.txt	<2 fontes
valeriana-para-que-serve-efeitos-colaterais-e-riscos.txt	OK
vasinhos-no-rosto-causas-tipos-e-tratamentos-com-laser.txt	OK
vitamina-b12-para-que-serve-e-cuidados.txt	OK
vitamina-d-artigo-seo-completo.txt	<2 fontes
vitamina-de-cavalo-no-cabelo-riscos-e-o-que-fazer.txt	OK
vitamina-para-queda-de-cabelo-o-que-funciona-e-o-que-e-perigo.txt	OK
vitaminas-para-queda-de-cabelo-guia-completo.txt	OK
vitaminas-para-queda-de-cabelo.txt	OK
whey-protein-para-que-serve-tipos-e-como-tomar.txt	OK
